rid,suburbname,postcode,state,startdate,enddate,lastupdate,msoid,centroidid,shapeuuid,changetype,processstate,urbanity,Shape__Length,Shape__Area,cadid,createdate,modifieddate,lganame,councilname,abscode,ltocode,vgcode,wbcode
41,EAST KILLARA,2071,2,20130115192446,30000101000000,20130116114140.276000,42,,12686c18-7827-340f-886f-6f09a8f761f0,M,,U,10857.703247064514,4575048.690257595,108029576,19950728000000,20130115192318,,,,,,
43,TURRAMURRA,2074,2,20151103080834,30000101000000,20151103101303.247000,44,,26bc093e-4275-3557-bec7-09392cbc78b1,M,,U,21559.385164371255,8714198.253331468,108029578,19950728000000,20151103080751,,,,,,
51,CANADA BAY,2046,2,20110114004951,30000101000000,20110114004951.445000,52,,7f3a08f9-60d7-3833-be0d-c8ab35ef246f,M,,U,3097.1911919471063,459316.8029006259,108029586,19950728000000,20110114004811,,,,,,
54,WAREEMBA,2046,2,20060825230654,30000101000000,20060825231612.970000,55,,cf430cc3-41fa-38e0-b892-e9b66eec06f6,M,,U,3571.5903770081813,468240.57503991586,108029589,19950728000000,20060825182453,,,,,,
58,ROSEVILLE CHASE,2069,2,20150505155026,30000101000000,20150505155111.432000,59,,07baa582-75bb-38c2-8560-58efbca06bc8,M,,U,6509.748771824259,1809404.8248473008,108029593,19950728000000,20150505154848,,,,,,
60,ST LEONARDS,2065,2,20150331134940,30000101000000,20150331142257.527000,61,,97689f6d-1d93-3366-981a-1ac4c8e05fad,M,,U,5570.596146973718,1155399.072617965,108029595,19950728000000,20150331134913,,,,,,
69,DENISTONE WEST,2114,2,20061102103832,30000101000000,20061102104910.703000,70,,5f5df847-6924-349b-8a77-98c5915028ec,M,,U,3178.3294359143583,465255.83280047955,108029604,19950728000000,20061101194555,,,,,,
70,MEADOWBANK,2114,2,20150311133635,30000101000000,20150311133831.612000,71,,d3e97218-a204-3e60-8cf8-00c9c91a5895,M,,U,5421.014994592125,1001730.1134892502,108029605,19950728000000,20150311133316,,,,,,
74,THE ROCKS,2000,2,20140225150342,30000101000000,20140225150750.381000,75,,2342026e-c8b5-3e81-9c45-b9dfab1a85c8,M,,U,3472.060216755734,297483.8159490727,108029609,19950728000000,20140225150248,,,,,,
77,WILLOUGHBY,2068,2,20150227154323,30000101000000,20150227154345.878000,78,,772ae248-c919-3fd4-8cb4-6b699c8bb635,M,,U,8297.214778360601,2354616.8751595444,108029612,19950728000000,20150227154156,,,,,,
85,DACEYVILLE,2032,2,20110727090237,30000101000000,20110727090245.215000,86,,b5e56850-e0fb-32ba-a8be-f025430b544b,M,,U,3796.244738251518,702824.8796039307,108029620,19950728000000,20110727084525,,,,,,
87,BURWOOD HEIGHTS,2136,2,20150129113913,30000101000000,20150129114009.593000,88,,2257e026-0149-3c00-9964-c3c494e6d2ec,M,,U,3039.1221081371323,341220.9620519478,108029622,19950728000000,20150129113722,,,,,,
100,COOGEE,2034,2,20061121174928,30000101000000,20061121180013.849000,101,,c7817dd5-752e-3810-b3b1-426243fd8222,M,,U,8714.564011543907,2854904.4461592836,108029635,19950728000000,20061120163930,,,,,,
102,PHILLIP BAY,2036,2,20110823093424,30000101000000,20110823093424.363000,103,,36e557bc-1605-3a1c-8621-4830131d9217,M,,U,4541.8012795123705,899928.6939835002,108029637,19950728000000,20110823092409,,,,,,
105,MONTEREY,2217,2,20070305125329,30000101000000,20070305125332.880000,106,,d6e1db1d-35ed-32a7-a954-05b1218f60c1,M,,U,5594.880378838919,1673552.5846001878,108029640,19950728000000,20070305124611,,,,,,
106,BEACONSFIELD,2015,2,20070118081045,30000101000000,20070118082715.018000,107,,5b6cef67-5851-34a4-8077-6e453382639d,M,,U,2287.9026948663322,242793.29505538743,108029641,19950728000000,20070116181800,,,,,,
108,SURRY HILLS,2010,2,20150121170551,30000101000000,20150121170625.193000,109,,ae4776c9-a682-385e-ae30-0dfaa726da59,M,,U,6359.021870715215,1930613.7478439072,108029643,19950728000000,20150121170500,,,,,,
141,MILLER,2168,2,20120830074910,30000101000000,20120830074917.656000,145,,78214888-5451-34fe-a7b7-2860cb34d761,M,,U,7256.314894781123,1817371.6411474107,108029679,19950728000000,20120830073939,,,,,,
142,SADLEIR,2168,2,20120830074910,30000101000000,20120830074917.792000,146,,77b49a21-a255-3885-8156-8a7522c81f2c,M,,U,5231.163221977351,1312223.8188634254,108029680,19950728000000,20120830073939,,,,,,
152,GIRRAWEEN,2145,2,20150605125037,30000101000000,20150605125646.860000,156,,5229825a-c558-3249-9667-4b06e20359b1,M,,U,8058.841235091907,3388333.119658401,108029690,19950728000000,20150605124938,,,,,,
240,CROMER,2099,2,20160128120023,30000101000000,20160128120057.365000,250,,43396cca-a54a-30ac-b378-10dbf2da0819,M,,U,17956.77197307364,9159147.810727894,108029784,19950728000000,20160128115916,,,,,,
1041,NEWINGTON,2127,2,20141028165144,30000101000000,20141028165213.057000,1132,,b7c125ca-0e86-37e9-bb94-134062d85fc8,M,,U,6165.892909882377,1307365.772679672,108030666,19980622102123,20141028165124,,,,,,
1108,SOUTH TURRAMURRA,2074,2,20130720002250,30000101000000,20130720002250.759000,1200,,c1b1c5eb-b2bf-343c-a0fd-78ad9e362a50,M,,U,10030.00212935024,4445920.265186281,108030734,19950728000000,20110317235450,,,,,,
1119,FIVE DOCK,2046,2,20120626203146,30000101000000,20120626203146.631000,1211,,d185ad3c-299c-3dd4-873c-b59e4424ab5e,M,,U,10953.29722548756,3547672.359640543,108030745,19950728000000,20120626202541,,,,,,
1129,NAREMBURN,2065,2,20130827140509,30000101000000,20130827140636.080000,1222,,55381d10-bbbc-3b94-a618-7c81a82b3e23,M,,U,6429.166673495452,1803070.741719149,108030756,19950728000000,20130827140415,,,,,,
1130,WOLLSTONECRAFT,2065,2,20150727170642,30000101000000,20150727170708.534000,1223,,7940217f-aa4c-3eef-92ea-c2ec291d5e96,M,,U,7775.333759215103,1720721.9530026126,108030757,19950728000000,20150727170547,,,,,,
1133,CHATSWOOD WEST,2067,2,20080709123627,30000101000000,20080709123630.272000,1226,,4b68af9c-66a5-3aca-9569-209a39fa011e,M,,U,7355.700768340942,1213236.6916180719,108030760,19950728000000,20080707194231,,,,,,
1134,EAST RYDE,2113,2,20150805164201,30000101000000,20150805164212.518000,1227,,e4461062-4075-39e3-9fb1-d67625e9db6e,M,,U,6938.50778098211,1822040.3320365886,108030761,19950728000000,20150805164130,,,,,,
1136,WEST RYDE,2114,2,20141202135032,30000101000000,20141202135054.180000,1229,,71e1bb15-af12-3314-9426-68113558970d,M,,U,14833.966486412253,5176730.949269694,108030763,19950728000000,20141202134930,,,,,,
1137,WOOLLOOMOOLOO,2011,2,20140402141221,30000101000000,20140402164216.697000,1230,,de8339ff-c5f8-3603-ae82-4b9b7fa3379e,M,,U,4774.516319566139,541948.927014269,108030764,19950728000000,20140402141110,,,,,,
1148,EASTLAKES,2018,2,20070828114303,30000101000000,20070828114304.004000,1243,,e8d5abb7-afd7-3d15-b106-b213fcaa410b,M,,U,7411.716435989879,2886912.4317607894,108030777,19950728000000,20070828114208,,,,,,
1150,ENFIELD,2136,2,20150121134902,30000101000000,20150121153734.421000,1245,,d61d6b79-e89c-3338-b691-ebd9be1a5d2c,M,,U,4110.049290171502,1073051.922485301,108030779,19950728000000,20150121134237,,,,,,
1156,CARSS PARK,2221,2,20120112155350,30000101000000,20120112155351.486000,1251,,fc5dcff1-738b-3ae9-a6ae-c6d288722c24,M,,U,4860.615236089822,1242716.077020649,108030785,19950728000000,20120112154932,,,,,,
1162,BONDI JUNCTION,2022,2,20141210140217,30000101000000,20141210140227.717000,1257,,706ceedf-c309-3530-b2ea-d962431ad79b,M,,U,6364.446026344672,1569035.2904146768,108030791,19950728000000,20141210140133,,,,,,
1163,KENSINGTON,2033,2,20111221154919,30000101000000,20111221154921.824000,1258,,a4e085f4-5775-3d5e-93ef-385e3b58fc03,M,,U,12243.7454758287,3859364.512860873,108030792,19950728000000,20111221100707,,,,,,
1165,QUEENS PARK,2022,2,20150624164152,30000101000000,20150624164208.273000,1260,,44e6ca9e-d658-3bb8-a9b8-ecc3cf97c9d0,M,,U,5039.541521796565,1223992.988152268,108030794,19950728000000,20150624164054,,,,,,
1166,BANKSIA,2216,2,20151110132313,30000101000000,20151110132406.876000,1261,,07fb5b83-d213-3e40-b806-f64318674a18,M,,U,7836.312311461203,1363828.4608249997,108030795,19950728000000,20151110132046,,,,,,
1167,BRIGHTON-LE-SANDS,2216,2,20140220072403,30000101000000,20140220072519.298000,1262,,3e5da62a-c644-3cd7-af3b-76d4da46a704,M,,U,9010.967664064321,2235121.0409062994,108030796,19950728000000,20140220072252,,,,,,
1168,RAMSGATE BEACH,2217,2,20061109070604,30000101000000,20061109071537.635000,1263,,9394176b-fdf8-39b5-80e0-7cf79f626722,M,,U,3772.750777967565,590757.647264069,108030797,19950728000000,20061108172730,,,,,,
1169,CHIPPENDALE,2008,2,20150217163350,30000101000000,20150217163412.754000,1264,,9cbd9960-9833-3e09-8617-70f64e4d39c4,M,,U,3923.2930290414506,674791.8646800921,108030798,19950728000000,20150217163321,,,,,,
1307,BALGOWLAH HEIGHTS,2093,2,20110124234332,30000101000000,20110124234332.494000,1408,,6aa99654-c7c9-3e69-b619-aac3b27d28c8,M,,U,8090.627226840226,2416260.2465407522,108030942,19950728000000,20110124234154,,,,,,
2106,MACQUARIE LINKS,2565,2,20141028145930,30000101000000,20141028150312.608000,2283,,244ad7b9-2cc0-36a3-9854-22481c23bf20,M,,U,8969.077787606115,2369928.851056223,108031817,19970901111004,20141028145107,,,,,,
2125,HUNTLEYS COVE,2111,2,20120203043227,30000101000000,20120203043228.958000,2302,,61491188-b76a-3d61-9735-3b241a7d1555,M,,U,3313.485179166917,356980.2037625156,108031836,20020607103527,20120203041629,,,,,,
2180,DAVIDSON,2085,2,20110604132257,30000101000000,20110604132258.313000,2359,,e88e8c18-0dc5-3cee-91dc-5f3136c25a4c,M,,U,10900.956189877621,3687587.5958583346,108031893,19950728000000,20110604073659,,,,,,
2182,BERALA,2141,2,20120828171317,30000101000000,20120828171318.373000,2361,,2dcc9f03-edae-3b61-b6c5-2d749486ec5d,M,,U,10865.015802215175,3009724.392111314,108031895,19950728000000,20120828171059,,,,,,
2204,DENISTONE,2114,2,20111219195157,30000101000000,20111219195158.120000,2383,,00e5f4e6-282f-3e41-8735-013825230377,M,,U,7928.7687660165075,2196988.7835838827,108031917,19950728000000,20111219184112,,,,,,
2206,PUTNEY,2112,2,20120918144854,30000101000000,20120918144855.025000,2385,,c83a4d14-447d-3d54-a4f7-777c6b9918c9,M,,U,8736.521809288817,2154597.180585191,108031919,19950728000000,20120917232954,,,,,,
2210,FORESTVILLE,2087,2,20141208093822,30000101000000,20141208093839.754000,2389,,cca622ab-6e49-3582-b2d6-1a8e24afaef7,M,,U,17033.166070288218,6434623.879859503,108031923,19950728000000,20141208093745,,,,,,
2211,CASTLE COVE,2069,2,20150303122416,30000101000000,20150303122436.857000,2390,,83c3e996-0636-3bd6-9ab0-9c4ea3e5aa83,M,,U,11553.119132234682,3246649.3098082845,108031924,19950728000000,20150303122255,,,,,,
2212,NORTH WILLOUGHBY,2068,2,20120417151031,30000101000000,20120417151031.592000,2391,,4f4b962f-16b6-3315-8b83-2b2b972babf2,M,,U,6138.867252183853,1355683.8195239275,108031925,19950728000000,20120417150704,,,,,,
2220,BOTANY,2019,2,20141127103147,30000101000000,20141127103256.560000,2399,,c39a1ad4-6b65-3b8a-ba52-331a5aadb863,M,,U,9774.289710938996,4619970.20501036,108031933,19950728000000,20141127102928,,,,,,
2222,PORT BOTANY,2036,2,20111213142548,30000101000000,20111213142549.403000,2401,,9bc91af9-9917-3d5a-b68e-694b5a9de20f,M,,R,8759.524175728542,3276857.329280741,108031935,19950728000000,20111213101938,,,,,,
2227,OATLEY,2223,2,20111206100736,30000101000000,20111206100737.820000,2406,,e37dc735-7433-3686-beee-b8f9e47bc36c,M,,U,13197.341979297396,8265134.6438658275,108031940,19950728000000,20111206095703,,,,,,
2230,KOGARAH BAY,2217,2,20110610075632,30000101000000,20110610075702.762000,2409,,779ceba6-4a8e-3176-aa2e-e4d553333223,M,,U,5411.600201963192,1279067.3329823941,108031943,19950728000000,20110610070157,,,,,,
2231,SANS SOUCI,2219,2,20150116110914,30000101000000,20150116110927.090000,2410,,5aa50766-b407-3021-aad8-0b0e2a642705,M,,U,14756.519447879733,6651266.6281742,108031944,19950728000000,20150116110823,,,,,,
2235,CENTENNIAL PARK,2021,2,20150624164152,30000101000000,20150624164208.364000,2414,,5f13eaa0-6a61-3e82-939d-5af0516430be,M,,U,7968.7330509397125,3195565.2304930775,108031948,19950728000000,20150624164054,,,,,,
2236,KINGSFORD,2032,2,20110727090237,30000101000000,20110727090245.304000,2415,,e6b62113-ee56-3559-9105-55bfddaa026b,M,,U,10173.534199231226,2928154.1018410195,108031949,19950728000000,20110727084525,,,,,,
2247,EDGECLIFF,2027,2,20111222192521,30000101000000,20111222192522.055000,2426,,4167887f-4d70-33e9-bb5b-9d491c2f10f5,M,,U,6226.313096436702,447276.1677233752,108031960,19950728000000,20111222192231,,,,,,
2255,BONDI,2026,2,20141210140217,30000101000000,20141210140227.964000,2435,,400157d7-5ba7-3b39-8839-6a2f3f0a9c3b,M,,U,6331.143533897525,1271336.0935510737,108031969,19950728000000,20141210140133,,,,,,
2256,TAMARAMA,2026,2,20120831123534,30000101000000,20120831123534.636000,2436,,a34b719b-7006-3574-963d-42ae6e13812b,M,,U,3769.685579409273,440586.4094190463,108031970,19950728000000,20120831123053,,,,,,
2272,BUSBY,2168,2,20120919015305,30000101000000,20120919015307.915000,2455,,5c5b7f85-4452-3cd6-acf1-8ded047595f5,M,,U,5876.9260084064745,1790868.0785076658,108031989,19950728000000,20120919014548,,,,,,
2274,HECKENBERG,2168,2,20150220160633,30000101000000,20150220160704.949000,2457,,4ad61f1d-1f0d-3d51-bfcd-64d14a9e2a7d,M,,U,5644.651772600473,1348995.9284248285,108031991,19950728000000,20150220160619,,,,,,
2279,WINSTON HILLS,2153,2,20151126140726,30000101000000,20151126141735.703000,2462,,3d532f76-5556-31fc-b2ff-5e4b1436a3fe,M,,U,14499.814222867382,6733268.989546715,108031996,19950728000000,20151126135216,,,,,,
2376,FAIRLIGHT,2094,2,20141103083759,30000101000000,20141103083831.339000,2565,,1f404163-5612-30b3-8532-74ae849e7bf1,M,,U,6942.656512025681,1696484.611901993,108032099,19950728000000,20141103083657,,,,,,
2377,CURL CURL,2096,2,20151014133421,30000101000000,20151014133441.161000,2566,,691e7efb-1f34-3b8b-a9fd-302e5394f80b,M,,U,7877.778070288667,1476299.6694468602,108032100,19950728000000,20151014133331,,,,,,
3154,CREMORNE POINT,2090,2,20130211165319,30000101000000,20130212104753.796000,3434,,df7e0df9-a73c-3e04-a5e1-b754967b8c94,M,,U,4515.090135947586,605172.6799374934,108032968,19961224081159,20130211165159,,,,,,
3239,RUSSELL LEA,2046,2,20120222093703,30000101000000,20120222093704.316000,3524,,ecaf996a-d750-31a9-9bb8-b4175e61423a,M,,U,6419.241900626454,1472028.53817959,108033058,19950728000000,20120221163324,,,,,,
3242,EAST LINDFIELD,2070,2,20130115192446,30000101000000,20130116114140.488000,3527,,5c7a920c-2d46-3984-85b0-6b4dd56ec73d,M,,U,8980.094099711021,3383595.3830670454,108033061,19950728000000,20130115192318,,,,,,
3244,LANE COVE WEST,2066,2,20140826101505,30000101000000,20140826101553.750000,3529,,f39def06-5186-3f8d-aa5c-1e414020f380,M,,U,9204.560212395196,2440696.81801565,108033063,19950728000000,20140826101422,,,,,,
3245,RIVERVIEW,2066,2,20120723152918,30000101000000,20120723152919.620000,3530,,559f52cb-48c2-360d-acba-4578f8619b92,M,,U,6425.619878132242,2000950.8131699567,108033064,19950728000000,20120720224536,,,,,,
3246,BALMAIN EAST,2041,2,20141014152443,30000101000000,20141014152529.776000,3531,,ee87fda8-819f-39d5-986c-1a5b20035cef,M,,U,3033.0219521916038,384648.5795463071,108033065,19950728000000,20141014152301,,,,,,
3250,CLYDE,2142,2,20150223095646,30000101000000,20150223095720.139000,3536,,b40e1f3f-9c3f-36b8-adcc-e9089cff6a40,M,,U,4601.564407493421,989456.2680118723,108033070,19950728000000,20150223095609,,,,,,
3252,DENISTONE EAST,2112,2,20061110042303,30000101000000,20061110043248.242000,3539,,7db359e4-0b04-3efe-9dbb-cdd1237313e5,M,,U,4655.30366019379,1009915.139399045,108033073,19950728000000,20061109174139,,,,,,
3258,KILLARNEY HEIGHTS,2087,2,20141208093822,30000101000000,20141208093840.128000,3545,,392e37ef-b3da-36c9-9a0a-b2cbedc4ba7c,M,,U,18924.954202096087,6175123.699883881,108033079,19950728000000,20141208093745,,,,,,
3267,BOTANY BAY,,2,20130703150837,30000101000000,20130703150955.772000,3555,,9ddd59c5-cd1c-3bb6-9a71-cf3e5eba53c2,M,,R,57762.60183465161,50265957.356826454,108033089,19950728000000,20130703150804,,,,,,
3269,ROSEBERY,2018,2,20150106143958,30000101000000,20150106144022.888000,3557,,79d6d204-6eba-345e-bd9e-ad0aa8ecd687,M,,U,7808.943226192638,2784658.9497417593,108033091,19950728000000,20150106143834,,,,,,
3282,CHIFLEY,2036,2,20151202082327,30000101000000,20151202111257.556000,3570,,0d2258cb-8ffb-33a4-a413-29b66701ac2f,M,,U,6523.358586231062,1538935.4780285344,108033104,19950728000000,20151202082200,,,,,,
3283,LA PEROUSE,2036,2,20130718135523,30000101000000,20130718135648.072000,3571,,75ea2383-0086-3139-be76-7a843024521d,M,,U,11307.33783115606,2457096.5889790347,108033105,19950728000000,20130718135349,,,,,,
3285,SOUTH COOGEE,2034,2,20130720002250,30000101000000,20130720002250.809000,3573,,90ac434b-2bfa-3fab-b4ce-ea4c4de9e4c3,M,,U,6550.688449529125,1690929.652705513,108033107,19950728000000,20101025160025,,,,,,
3287,KYEEMAGH,2216,2,20140220072403,30000101000000,20140220072519.380000,3575,,4fd79a4c-620c-373e-a374-7424bfeb4319,M,,U,4375.536215418296,843584.8775260728,108033109,19950728000000,20140220072252,,,,,,
3289,DARLINGTON,2008,2,20130720002250,30000101000000,20130720002250.489000,3577,,6873f72c-b542-39de-b474-2752e96aec67,M,,U,3441.4346955492865,558065.7680426026,108033111,19950728000000,20111222142615,,,,,,
3290,REDFERN,2016,2,20120118144412,30000101000000,20120118144412.290000,3578,,1d95ae1f-4636-3a02-89ef-a4b070c9d5bb,M,,U,6620.647313102473,1697161.7497237965,108033112,19950728000000,20120118123206,,,,,,
3291,ZETLAND,2017,2,20150713142720,30000101000000,20150713142810.900000,3579,,d77aef4e-8261-3d3d-82fa-a952eeeec4e4,M,,U,4397.982233152868,1174330.9395520082,108033113,19950728000000,20150713142603,,,,,,
3302,BONDI BEACH,2026,2,20141210140217,30000101000000,20141210140228.099000,3591,,24ea0757-cde9-33cb-a875-011b630fad0a,M,,U,6823.973860996488,1759986.869408554,108033125,19950728000000,20141210140133,,,,,,
3321,ASHCROFT,2168,2,20120919015305,30000101000000,20120919015308.577000,3610,,028d8965-a0ac-3737-bc06-eeb13cf08f17,M,,U,7295.690044960811,1689477.2038387682,108033144,19950728000000,20120919014548,,,,,,
3337,GUILDFORD WEST,2161,2,20150115122245,30000101000000,20150115122306.257000,3626,,654e01ea-349e-397a-a548-e54c73e089a2,M,,U,7332.492859153046,2356072.67595154,108033160,19950728000000,20150115122141,,,,,,
4212,WOODCROFT,2767,2,20090906150954,30000101000000,20090906150957.611000,4585,,198c4f0e-d5f3-3631-aa43-2b08a185098a,M,,U,6876.497887784738,2497919.5690697446,108034119,19961029120636,20090905000943,,,,,,
4365,ELIZABETH HILLS,2171,2,20141215093311,30000101000000,20141215093837.817000,5935,,b311e97c-4325-3964-bb61-30bd222590c4,M,,U,5659.251984200223,1655066.1289638781,163493250,20091221145239,20141215092239,,,,,,
4383,SOUTH WENTWORTHVILLE,2145,2,20150220161356,30000101000000,20150220163149.653000,5951,,18b8d842-cd76-33af-a5bb-aa0b95e20b14,M,,U,7602.76131721051,2662629.417691054,164219745,20100611132837,20150220161335,,,,,,
4399,BUNGARRIBEE,2767,2,20130720002250,30000101000000,20130720002250.579000,5974,,7e8b9563-08c0-3129-9c2e-8e2c27da9af2,M,,R,9398.1784814497,5107980.940081621,166314956,20110730023353,20120930121410,,,,,,
4643,HAYMARKET,2000,2,20160308123216,30000101000000,20160308123314.058000,112,,5ee88e4b-7bc4-3d2c-92fe-09023926de49,M,,U,3935.92099724372,757069.1615273106,108029646,19950728000000,20160308123004,,,,,,
4653,ULTIMO,2007,2,20160308123216,30000101000000,20160308123314.195000,1266,,7bdf7cb4-f447-32c7-9269-ed327160286c,M,,U,4060.6257677513477,815421.8255807849,108030800,19950728000000,20160308123004,,,,,,
4678,HABERFIELD,2045,2,20160504160854,30000101000000,20160505114152.680000,47,,ed0db820-562a-3bdc-b8a4-540a56ea948e,M,,U,8322.355778953082,3489802.035635955,108029581,19950728000000,20160504160828,,,,,,
4687,PEAKHURST HEIGHTS,2210,2,20160418134723,30000101000000,20160418135753.292000,93,,5d651a69-f30e-3966-b664-b0dea6b92bf9,M,,U,5963.975342931106,1436635.4309339277,108029627,19950728000000,20160418134641,,,,,,
4775,GLEBE,2037,2,20160418160034,30000101000000,20160418160108.993000,1219,,24cb818b-8c9b-31ae-adf5-8ed94cc09289,M,,U,8632.777508702628,2439729.8957470213,108030753,19950728000000,20160418155954,,,,,,
4779,MORTDALE,2223,2,20160418134723,30000101000000,20160418135753.399000,1249,,e555be17-c823-3c5f-b768-88923ff7118d,M,,U,10962.295699765436,4274018.849263143,108030783,19950728000000,20160418134641,,,,,,
4780,LEICHHARDT,2040,2,20160502072252,30000101000000,20160502073238.449000,1254,,de95476d-452a-3339-ae35-49d155bf5598,M,,U,9156.571717344028,3761187.525532988,108030788,19950728000000,20160502072111,,,,,,
4949,MILSONS POINT,2061,2,20160516160924,30000101000000,20160516161004.036000,3534,,95e7627d-d0a8-34c0-b424-744d5e151405,M,,U,3097.0193671214433,279714.0274595688,108033068,19950728000000,20160516160831,,,,,,
4959,TOONGABBIE,2146,2,20160504110113,30000101000000,20160505113136.204000,3623,,f7ac1b74-54dc-3e6d-b12f-72d05a0e223b,M,,U,17174.298024142532,6853014.286670417,108033157,19950728000000,20160504110042,,,,,,
5017,LAVENDER BAY,2060,2,20160516160924,30000101000000,20160516161004.124000,4590,,925040e9-ffbe-3c2d-94cb-ab13062b7de9,M,,U,3542.455412186635,240158.48124599882,108034124,19961224081353,20160516160831,,,,,,
5030,BARDIA,2565,2,20160316161601,30000101000000,20160316162809.527000,5535,,66c50b64-363c-3348-b685-3da2107b00df,M,,U,8168.410749630675,3115419.6834386676,163494748,20091221190947,20160316161308,,,,,,
5040,BALGOWLAH,2093,2,20160523154938,30000101000000,20160523155011.412000,251,,5c78ffd1-58d7-3325-a3cd-1e30e5e05902,M,,U,8742.412555338411,2817299.5501746866,108029785,19950728000000,20160523154907,,,,,,
5185,CAMELLIA,2142,2,20160614131446,30000101000000,20160614132036.314000,2380,,adaf80d2-b6c8-3bbe-ac70-56f52611e5bf,M,,U,7774.533879709215,1077163.3120261258,108031914,19950728000000,20160614131412,,,,,,
5187,CARLTON,2218,2,20160614113350,30000101000000,20160614121912.752000,2405,,dc8add7a-5a26-3fc4-9456-adb5f1915d9b,M,,U,12863.064523848498,3000728.6552323443,108031939,19950728000000,20160614113321,,,,,,
5192,BEVERLEY PARK,2217,2,20160614113350,30000101000000,20160614121912.848000,3563,,dc094be4-84c4-34dc-931f-5d0e61c4dd40,M,,U,6017.543046590629,1424665.193233182,108033097,19950728000000,20160614113321,,,,,,
5415,RUSHCUTTERS BAY,2011,2,20160713110820,30000101000000,20160713110837.881000,73,,3198388c-4dbe-3173-9af4-f4b23a916ae8,M,,U,2482.013894967331,222823.22223896644,108029607,19950728000000,20160713110754,,,,,,
5417,DARLINGHURST,2010,2,20160713110820,30000101000000,20160713110837.933000,2421,,334fdc60-b6fd-3c6c-8c68-3b4207c81da6,M,,U,5891.9174574661665,1259473.8976629348,108031955,19950728000000,20160713110754,,,,,,
5431,WOOLLAHRA,2025,2,20160714132052,30000101000000,20160714132122.023000,3582,,913a8bb0-6ca5-306d-bc2c-17bd02c6fa0e,M,,U,8386.542755592096,1833662.4665892748,108033116,19950728000000,20160714132027,,,,,,
5575,LALOR PARK,2147,2,20160803104523,30000101000000,20160803104532.287000,2465,,3ff98243-1c55-3e24-9b97-e0b598690811,M,,U,9673.387532690478,3861238.982684541,108031999,19950728000000,20160803104508,,,,,,
5713,ROCKDALE,2216,2,20160818132706,30000101000000,20160818132732.997000,1253,,c0140939-d47b-3d70-80d8-e34327601b1f,M,,U,13457.568536885174,3473909.040527011,108030787,19950728000000,20160818132634,,,,,,
5717,HURSTVILLE GROVE,2220,2,20160819093355,30000101000000,20160819093410.303000,3564,,76852fff-7a9b-35f9-92c6-b261e4b4cf36,M,,U,6107.487514260123,1469359.2116771925,108033098,19950728000000,20160819093335,,,,,,
5844,CABARITA,2137,2,20160902120336,30000101000000,20160902120408.287000,3521,,3aca61ea-078b-313d-892f-b1ca97ecc7ca,M,,U,6253.040863011956,751802.9966160944,108033055,19950728000000,20160902120247,,,,,,
5928,CARTWRIGHT,2168,2,20160909152614,30000101000000,20160909153224.684000,3611,,8a11ddd8-c869-3e5f-84f9-7090c8410dc2,M,,U,8456.839636745879,1431812.1330083543,108033145,19950728000000,20160909151913,,,,,,
6000,MIDDLETON GRANGE,2171,2,20160920094552,30000101000000,20160921102647.245000,4628,,a8085fe6-2889-3beb-8f56-5b3907de547a,M,,U,7980.793451507846,3671987.476505931,151980845,20051222203701,20160920093800,,,,,,
6141,CLONTARF,2093,2,20161012161142,30000101000000,20161012161215.087000,63,,e31cf9b2-d926-3382-9115-05278d88adaa,M,,U,9098.927122478966,1254468.60982171,108029597,19950728000000,20161012161100,,,,,,
6179,BREAKFAST POINT,2137,2,20161018142145,30000101000000,20161018143427.725000,2365,,7fead988-a889-3355-abb8-1b52cfc8f98e,M,,U,4108.359645495094,748962.1800583752,108031899,19950728000000,20161018141912,,,,,,
6245,PEMULWUY,2145,2,20161025092942,30000101000000,20161025093426.866000,2307,,70ad2f1b-f2d3-39f8-b64c-d95372801a8d,M,,R,12425.63833081797,5376409.815989678,108031841,20040211090812,20161025092921,,,,,,
6349,HINCHINBROOK,2168,2,20161109095747,30000101000000,20161109111201.187000,3613,,9c36fbaa-2212-3715-9ae9-39336cdf14ce,M,,U,13215.568482124952,4786431.679156861,108033147,19950728000000,20161109095708,,,,,,
6353,LEN WATERS ESTATE,2171,2,20161109095747,30000101000000,20161109111201.375000,5936,,365b4481-8f54-3f4b-8bf1-d6e641f0e847,M,,U,7827.850466696343,1425570.6394136497,163493305,20091221145239,20161109095708,,,,,,
6495,RODD POINT,2046,2,20161130114643,30000101000000,20161130114659.596000,2368,,28f0e4f8-f79f-3ff8-b05f-245397e9bef5,M,,U,3558.9557539604057,546986.9978773821,108031902,19950728000000,20161130114620,,,,,,
6542,WENTWORTH POINT,2127,2,20161213112314,30000101000000,20161213112356.062000,5927,,259a090a-3ec9-3e2e-b060-b29c0c51b3f4,M,,U,4846.12918862035,825849.6651835913,163167272,20091012100501,20161213112226,,,,,,
6848,CASULA,2170,2,20170214111115,30000101000000,20170214111757.080000,142,,e61af44e-8022-3457-a018-f519aca66dca,M,,U,16246.353731155914,10038305.172221879,108029676,19950728000000,20170214110205,,,,,,
6850,GLENWOOD,2768,2,20170214072408,30000101000000,20170214073642.084000,1115,,49a09de5-d421-322a-927c-f4c4a37692ea,M,,U,12579.434922537044,7063702.185902738,108030649,19961029120240,20170214071835,,,,,,
6971,WAHROONGA,2076,2,20170307091644,30000101000000,20170307091720.654000,1198,,c66dc714-b1b3-3d9d-b9cd-25e68a1a0715,M,,U,29918.95696411197,14114921.394210655,108030732,19950728000000,20170307091601,,,,,,
7051,MARAYONG,2148,2,20170316125214,30000101000000,20170316130010.119000,3621,,0913f1f8-b7d5-3fef-abc4-ebab0d43c9a3,M,,U,9189.990057557681,3925567.6902520163,108033155,19950728000000,20170316124303,,,,,,
7486,CHATSWOOD,2067,2,20170519133430,30000101000000,20170519133441.946000,77,,82b07e91-10ad-3784-b2af-56f224772cbc,M,,U,16027.391405292663,7147177.93196483,108029611,19950728000000,20170519133403,,,,,,
7511,MATRAVILLE,2036,2,20170524091334,30000101000000,20170524091418.036000,87,,2a0655fe-8c64-3e58-9d4e-d7f04a11e4e8,M,,U,11965.249686362326,5281452.505970913,108029621,19950728000000,20170524091246,,,,,,
7579,BOSSLEY PARK,2176,2,20170530104403,30000101000000,20170530104423.315000,2468,,99e03460-2d73-3b92-a807-588a414b5ead,M,,U,12055.688947352292,6534975.306554042,108032002,19950728000000,20170530104347,,,,,,
7679,KINGS PARK,2148,2,20170615100049,30000101000000,20170615100246.806000,1308,,6e656cc9-349c-36f8-9df0-50eaf73d3e7d,M,,U,8762.20845006864,3764889.6185965915,108030842,19950728000000,20170615095902,,,,,,
7743,MORTLAKE,2137,2,20170623111559,30000101000000,20170623111618.822000,3522,,38108021-396c-39a3-89ab-673eb404433f,M,,U,4179.144190227128,352556.691359242,108033056,19950728000000,20170623111519,,,,,,
7846,TEMPE,2044,2,20170705161056,30000101000000,20170705161121.841000,100,,3704d559-67ed-39b1-bda0-ca90d15c237a,M,,U,7325.25881879899,2665054.91436661,108029634,19950728000000,20170705161017,,,,,,
7847,SYDENHAM,2044,2,20170705161056,30000101000000,20170705161121.899000,3569,,a9dd961e-9dec-365a-94ae-10d7a9f1e379,M,,U,2629.5460458827743,414190.51606974186,108033103,19950728000000,20170705161017,,,,,,
7965,MASCOT,2020,2,20170725132847,30000101000000,20170725132919.583000,3556,,d03d85e7-9d4b-31a9-8998-7d47e3f608ac,M,,R,29808.465625481465,17611092.15112703,108033090,19950728000000,20170725132807,,,,,,
7967,WAVERTON,2060,2,20170725161307,30000101000000,20170725161340.581000,66,,607da630-de80-34cb-9657-fa7f0e580c20,M,,U,7465.4610213259475,1042921.021135477,108029600,19950728000000,20170725161235,,,,,,
8047,BELLEVUE HILL,2023,2,20170807113239,30000101000000,20170807113304.492000,2392,,b439302b-03df-3692-b9d9-66d5dd394e49,M,,U,10409.775878269316,3448534.4264754723,108031926,19950728000000,20170807113218,,,,,,
8204,DAWES POINT,2000,2,20170825191727,30000101000000,20170825200151.779000,74,,23e12951-375f-3a63-9dd0-e54cd5e736a3,M,,U,3891.2108838792715,212652.29793270142,108029608,19950728000000,20170825191634,,,,,,
8205,MILLERS POINT,2000,2,20170825191727,30000101000000,20170825200151.869000,1231,,0843ed5e-5917-3436-a568-78515f1dc1ec,M,,U,3598.0529380811604,352127.26620799553,108030765,19950728000000,20170825191634,,,,,,
8212,NORTH EPPING,2121,2,20170828131643,30000101000000,20170828133808.506000,1213,,5846d46b-95fe-3576-a131-fe29c0eda1c0,M,,U,7885.128456973644,3320244.6735106446,108030747,19950728000000,20170828131636,,,,,,
8213,ROSEHILL,2142,2,20170828134353,30000101000000,20170828134455.051000,1225,,e8ecddd2-c443-305c-8834-0625e459c8bc,M,,U,11141.446416200703,5052310.474769075,108030759,19950728000000,20170828134332,,,,,,
8217,MAROUBRA,2035,2,20170828131232,30000101000000,20170828133806.380000,2416,,c5abb3fd-a926-38f2-80f4-d8c2eaf68f1d,M,,U,15706.078244410497,8780949.00950532,108031950,19950728000000,20170828131159,,,,,,
8218,RANDWICK,2031,2,20170828131232,30000101000000,20170828133806.460000,2417,,178b134e-7d12-342d-9de3-3c0769b1094d,M,,U,15841.258417283636,7803532.085991227,108031951,19950728000000,20170828131159,,,,,,
8219,SILVERWATER,2128,2,20170828134353,30000101000000,20170828134455.118000,3518,,dee9747e-9a3c-32bb-b86c-e94acc6ef161,M,,U,10699.11719164366,3912554.4946115813,108033052,19950728000000,20170828134332,,,,,,
8226,KINGS LANGLEY,2147,2,20170828165711,30000101000000,20170828165717.360000,151,,4346aaee-1ff5-356e-9800-84b58fc6e9cf,M,,U,11750.877602580314,5681001.090537592,108029685,19950728000000,20170828165704,,,,,,
8320,OAKHURST,2761,2,20170831120816,30000101000000,20170831121519.667000,165,,dda867a6-7d17-3a93-8600-4fbb08583f02,M,,U,8867.74222709083,2947606.1427489235,108029699,19950728000000,20170831120113,,,,,,
8535,MINCHINBURY,2770,2,20171005123053,30000101000000,20171005123323.635000,152,,c5e48d9a-45be-3353-b630-9f03948426e4,M,,U,15052.94308889608,6544062.396103776,108029686,19950728000000,20171005122812,,,,,,
8551,FOREST LODGE,2037,2,20171009112555,30000101000000,20171009112640.368000,97,,4f56b2d6-767e-3870-ac52-103f01b9fe58,M,,U,5218.18245901108,663167.4286528254,108029631,19950728000000,20171009112520,,,,,,
8907,ST IVES,2075,2,20171128141511,30000101000000,20171128141528.440000,2357,,56cb0971-c72a-3822-9e52-8a0212cbaf3e,M,,U,25985.40467062786,20720033.452333983,108031891,19950728000000,20171128141447,,,,,,
9033,PENSHURST,2222,2,20171218082824,30000101000000,20171218082857.276000,1250,,957e7b58-3a33-31b3-b91e-33e9aa5531ac,M,,U,11809.725384839181,3653838.7353282706,108030784,19950728000000,20171218082744,,,,,,
9197,PENDLE HILL,2145,2,20180117165348,30000101000000,20180117165407.390000,158,,fba54803-358e-3e6b-85f7-07e56b568e72,M,,U,8913.375735685577,2861703.1961723547,108029692,19950728000000,20180117165329,,,,,,
9198,OLD TOONGABBIE,2146,2,20180117165348,30000101000000,20180117165407.448000,159,,90591c2e-3689-34ce-b56f-d98533c1e2c0,M,,U,9107.93841530761,1837360.9414206077,108029693,19950728000000,20180117165329,,,,,,
9549,GLENDENNING,2761,2,20180309152658,30000101000000,20180309153534.203000,1307,,c630aca0-aed6-3bc2-9534-77a7fae86a90,M,,U,11257.168696532362,5118740.474984476,108030841,19950728000000,20180309151626,,,,,,
9551,DOONSIDE,2767,2,20180309152658,30000101000000,20180309153534.339000,2463,,58fadfe3-3a41-3284-9631-325517ff3ce1,M,,U,17976.28234717392,8622404.763380583,108031997,19950728000000,20180309151626,,,,,,
9601,MOUNT LEWIS,2190,2,20180319142139,30000101000000,20180319142442.385000,3552,,f4a6f41b-e438-3931-a37c-01cb86d3a464,M,,U,3639.0394411656353,457601.49331871397,108033086,19950728000000,20180319141722,,,,,,
9625,CARNES HILL,2171,2,20180322153904,30000101000000,20180322154203.994000,5947,,fe70e845-ef83-35b8-ba40-cb83f98931e5,M,,U,7128.9305477519865,1794384.9788885755,163861768,20100402145808,20180322153746,,,,,,
9714,NORTHMEAD,2152,2,20180405122643,30000101000000,20180405122709.031000,1207,,61d39c0b-7c53-3de9-8553-a5ac5a063110,M,,U,18034.79313101255,6227960.286544893,108030741,19950728000000,20180405122548,,,,,,
9876,LONGUEVILLE,2066,2,20180427102144,30000101000000,20180430084842.576000,1217,,611414b6-c42b-309c-98cd-16bb855fe843,M,,U,7173.566589408608,1416271.5918046422,108030751,19950728000000,20180427102022,,,,,,
9986,HILLSDALE,2036,2,20180514104212,30000101000000,20180514104234.420000,2400,,25b37824-68d0-3d7d-97e2-0bd6f20c1d0d,M,,U,4132.285123013308,783292.171476326,108031934,19950728000000,20180514104040,,,,,,
9989,EASTGARDENS,2036,2,20180514104212,30000101000000,20180514104234.608000,4612,,e59f22b2-736c-3583-a259-22666edb75bf,M,,U,4800.049617547785,779846.6834781035,108034146,19990503084701,20180514104040,,,,,,
10130,HENLEY,2111,2,20180530143555,30000101000000,20180530143614.690000,3526,,b145d675-3e42-3e58-a0be-eba55c078292,M,,U,3749.2003111459967,390505.3697337983,108033060,19950728000000,20180530143501,,,,,,
10135,LINLEY POINT,2066,2,20180530144005,30000101000000,20180530144008.255000,60,,3bb9e382-2775-3a58-9a50-33057ffbd998,M,,U,2558.5487984333063,279170.2603905253,108029594,19950728000000,20180530143946,,,,,,
10191,BANKSTOWN AERODROME,2200,2,20180607110534,30000101000000,20180607120018.502000,81,,ca1748ec-ddbe-359b-a338-6d58bfde275a,M,,R,12337.609196186791,5424811.49509365,108029615,19950728000000,20180607110351,,,,,,
10291,NORTH BONDI,2026,2,20180619153543,30000101000000,20180619153608.811000,3394,,155230cd-d6fe-341e-bb9d-7e29264f90b7,M,,U,7807.999470862329,1824504.0239692354,108032928,19950728000000,20180619153455,,,,,,
10300,LUGARNO,2210,2,20180621083909,30000101000000,20180621084601.082000,92,,f231fefc-0ee2-3d71-b71a-14453efa4507,M,,U,10417.973803040582,5017491.276491381,108029626,19950728000000,20180621082851,,,,,,
10504,ALFORDS POINT,2234,2,20180717152725,30000101000000,20180717153206.543000,1267,,db6b9ec9-98a7-340c-9fe0-c3a896a32239,M,,U,10834.61307524938,4613396.429889492,108030801,19950728000000,20180717152237,,,,,,
10536,DULWICH HILL,2203,2,20180720161600,30000101000000,20180720161825.719000,3567,,54002a30-9d7a-3bdb-b89a-21d517930478,M,,U,8612.900381269284,3028432.968135973,108033101,19950728000000,20180720161309,,,,,,
10553,EASTWOOD,2122,2,20180724164857,30000101000000,20180724164918.846000,3525,,e39769a5-5711-3931-86b4-48e3b1904536,M,,U,16624.117254276243,7539812.597661113,108033059,19950728000000,20180724164808,,,,,,
10630,ARTARMON,2064,2,20180801165900,30000101000000,20180801170234.237000,1233,,5aca21fe-9b92-32dc-9c95-97ecd92f78c9,M,,U,8738.064022420831,3683468.878104326,108030767,19950728000000,20180801165514,,,,,,
10759,GORDON,2072,2,20180820142802,30000101000000,20180820142805.969000,1199,,733a1d75-13a3-374e-aec4-f94dac5f5be1,M,,U,15774.084334620795,5493060.993332722,108030733,19950728000000,20180820142720,,,,,,
10797,REGENTS PARK,2143,2,20180824104650,30000101000000,20180824105410.555000,1205,,12fed8f3-923b-317d-bd76-9f530df72c3e,M,,U,9671.217360192086,2927912.1051902613,108030739,19950728000000,20180824103131,,,,,,
10864,VOYAGER POINT,2172,2,20180831100101,30000101000000,20180831100714.185000,1303,,591d1542-1bdf-3f6f-89a6-310bdb6afb4d,M,,R,6405.254309068888,2551413.315075576,108030837,19950728000000,20180831095408,,,,,,
10971,ABBOTSFORD,2046,2,20180912123622,30000101000000,20180912123658.048000,2367,,33d46c48-170a-360b-a4a6-ce6d9acd5305,M,,U,6533.2020802403595,1483661.377992218,108031901,19950728000000,20180912123536,,,,,,
10977,MENAI,2234,2,20180913123227,30000101000000,20180913125027.707000,2425,,45ccee39-3f9b-3537-ba56-f439dbe036ca,M,,R,27629.35549546172,19851002.646930575,108031959,19950728000000,20180913120224,,,,,,
11003,MIDDLE COVE,2068,2,20180917111556,30000101000000,20180917111811.733000,1234,,6c1dd586-e9ce-3358-9328-d761ee8b8d79,M,,U,7909.602258782499,1514527.991519194,108030768,19950728000000,20180917111328,,,,,,
11004,WILLOUGHBY EAST,2068,2,20180917111556,30000101000000,20180917111811.873000,1235,,b2f2457c-f4e6-38ff-8559-ef69db4c2511,M,,U,3661.8283463029907,814300.7061656003,108030769,19950728000000,20180917111328,,,,,,
11005,CASTLECRAG,2068,2,20180917111556,30000101000000,20180917111811.966000,3546,,e7cfeb3a-4f0b-3fff-a66c-b5b40ebf1a6c,M,,U,9391.795280400624,2134586.6466049603,108033080,19950728000000,20180917111328,,,,,,
11049,HURLSTONE PARK,2193,2,20180924155657,30000101000000,20180924160516.519000,1237,,61cb14be-96a6-3b10-a6bc-5d60376aebd3,M,,U,5599.222303120073,1742208.1700671539,108030771,19950728000000,20180924154751,,,,,,
11060,PLEASURE POINT,2172,2,20180925131022,30000101000000,20180925131704.248000,2459,,a2b8ee54-03bc-3a05-86e4-de105a0e3932,M,,U,8620.035818939761,2237094.1621436807,108031993,19950728000000,20180925130255,,,,,,
11062,SANDY POINT,2172,2,20180925131022,30000101000000,20180925131704.406000,3617,,50b75692-1191-3e4a-857a-a8154e87deda,M,,U,4114.6296562266525,640808.6660050439,108033151,19950728000000,20180925130255,,,,,,
11072,ASHFIELD,2131,2,20180925170909,30000101000000,20180925171642.635000,3549,,1d6c2dd3-d2f8-31af-884e-2dc314bac657,M,,U,12621.160051935478,4935463.861025857,108033083,19950728000000,20180925170052,,,,,,
11117,ASHBURY,2193,2,20181003112115,30000101000000,20181003112916.376000,2393,,290be11b-5f43-3823-8b71-dc5ab61da5d2,M,,U,6918.635849507632,1521047.433928689,108031927,19950728000000,20181003111301,,,,,,
11121,BANKSMEADOW,2019,2,20181005110042,30000101000000,20181005113413.097000,1242,,2929ff46-b7d7-3311-bb70-751f704a5e32,M,,U,11919.629858855618,4851905.794277185,108030776,19950728000000,20181005110009,,,,,,
11122,PAGEWOOD,2035,2,20181005110042,30000101000000,20181005113413.251000,1244,,77393257-e73b-3e81-92f6-9d37ae925f8c,M,,U,12193.551955209436,3183175.3222315,108030778,19950728000000,20181005110009,,,,,,
11167,ARNDELL PARK,2148,2,20181012124809,30000101000000,20181012124824.690000,3618,,62665075-6a4c-367d-9a8a-7f4bf23bac5b,M,,U,8585.218385056032,2865148.9285560083,108033152,19950728000000,20181012124729,,,,,,
11284,WAVERLEY,2024,2,20181030154153,30000101000000,20181030154208.813000,1269,,e447a016-14cb-359d-a64d-45137f452428,M,,U,5742.011741328812,868046.8595670335,108030803,19950728000000,20181030154059,,,,,,
11474,LITTLE BAY,2036,2,20181127144425,30000101000000,20181127144455.283000,102,,fa7e3d6d-d20e-3eae-a02f-cfe5bedc21fe,M,,U,10949.73604265441,3707948.4252765067,108029636,19950728000000,20181127144332,,,,,,
11476,MALABAR,2036,2,20181127144425,30000101000000,20181127144455.352000,1259,,751c100d-e6b3-3e44-82b8-f076c3b2d10f,M,,R,12769.649408890948,5408953.999331309,108030793,19950728000000,20181127144332,,,,,,
11634,EAST HILLS,2213,2,20181217120710,30000101000000,20181217124227.439000,1291,,de9a88f7-091a-3c3c-a2a2-5a1905fc5b7a,M,,U,6860.588187917101,2063017.3475307631,108030825,19950728000000,20181217120641,,,,,,
11677,MACQUARIE FIELDS,2564,2,20181219115430,30000101000000,20181219115653.065000,3598,,b1115455-7985-3756-a499-0baa5e2f7508,M,,U,15517.72990066581,10070900.52793896,108033132,19950728000000,20181219115058,,,,,,
11678,GLENFIELD,2167,2,20181219115430,30000101000000,20181219115653.134000,3605,,94052642-9b73-34d4-9495-bce5ff4d39f7,M,,R,14472.19065342278,10137794.955375383,108033139,19950728000000,20181219115058,,,,,,
11680,PADSTOW HEIGHTS,2211,2,20181219120450,30000101000000,20181219120514.416000,1240,,84dca5cb-efb5-33c4-8e91-954da37a184d,M,,U,9102.168748447764,3510469.136831803,108030774,19950728000000,20181219120355,,,,,,
11772,DOVER HEIGHTS,2030,2,20190111141118,30000101000000,20190114142100.874000,122,,6e87f990-48e9-3a78-8d43-4fc3d3798c63,M,,U,7441.5893151847595,1462591.4271978256,108029656,19950728000000,20190111141049,,,,,,
11787,BELFIELD,2191,2,20190114151843,30000101000000,20190114152254.279000,2402,,575fc2ae-efb4-3091-8c5e-bff73b6a30bf,M,,U,6862.550360257542,2557555.333068477,108031936,19950728000000,20190114151433,,,,,,
11798,CROYDON PARK,2133,2,20190115155535,30000101000000,20190115160152.531000,80,,85b1ad81-83bd-35ff-9e3f-264ebfe49319,M,,U,9775.29110644487,3666366.059313713,108029614,19950728000000,20190115154445,,,,,,
11843,MERRYLANDS WEST,2160,2,20190123084406,30000101000000,20190123084443.986000,3627,,f6922aa0-0115-360c-b994-76b7ad91f8bb,M,,U,7045.823316445659,2507542.1586170495,108033161,19950728000000,20190123084329,,,,,,
11844,WOODPARK,2164,2,20190123084406,30000101000000,20190123084444.073000,3628,,89ef6edf-fd38-3baf-be1e-dd17b48a7fbd,M,,U,3434.816218196751,568896.3966282839,108033162,19950728000000,20190123084329,,,,,,
11906,WOOLWICH,2110,2,20190201123755,30000101000000,20190201123803.763000,2371,,c6e9fc17-424c-3ea3-ac94-12b8ec309993,M,,U,5746.207250994537,716591.0662653493,108031905,19950728000000,20190201123705,,,,,,
11997,HUNTLEYS POINT,2111,2,20190219131942,30000101000000,20190219132007.050000,1214,,e4e91e8b-2e4b-3869-b6f3-190d3c337f4a,M,,U,3001.2281507949638,331731.6442564645,108030748,19950728000000,20190219131831,,,,,,
11998,HAMMONDVILLE,2170,2,20190219135434,30000101000000,20190219135551.658000,1300,,2290d144-672f-3f86-9ada-9a1deb0a36c8,M,,U,9228.934734278198,2817921.822960924,108030834,19950728000000,20190219135239,,,,,,
12082,MOUNT PRITCHARD,2170,2,20190227155711,30000101000000,20190227164849.876000,3609,,252c69bb-6f60-3b4a-975a-df1e67c049fa,M,,U,9123.277497583036,4549982.115876625,108033143,19950728000000,20190227155554,,,,,,
12087,LANSDOWNE,2163,2,20190228093230,30000101000000,20190228093406.583000,2448,,a942e77a-efb6-39f3-98cd-29c88c8af325,M,,U,6284.332888351992,2024834.9301409195,108031982,19950728000000,20190228092940,,,,,,
12090,PRAIRIEWOOD,2176,2,20190228105038,30000101000000,20190228105108.283000,140,,9e18f187-fd3b-369f-a01c-ce8e61dd8b91,M,,U,8274.037379755388,3125726.2632925874,108029674,19950728000000,20190228104925,,,,,,
12091,WAKELEY,2176,2,20190228105038,30000101000000,20190228105108.346000,2454,,f7a37e32-4e06-3ca3-a127-cef39ede14b2,M,,U,6765.965462889437,2367296.9143891614,108031988,19950728000000,20190228104925,,,,,,
12136,CABRAMATTA WEST,2166,2,20190305131346,30000101000000,20190305131635.182000,137,,79b428e1-201d-37b1-9d6b-7188a8cfb8c8,M,,U,7321.272269539942,2681762.557525661,108029671,19950728000000,20190305131056,,,,,,
12138,PROSPECT,2148,2,20190305160250,30000101000000,20190305160650.929000,153,,a3eb562d-7cbc-358a-b00f-811f0528c491,M,,R,27710.31668599495,20274055.309080105,108029687,19950728000000,20190305155925,,,,,,
12150,POTTS POINT,2011,2,20190306114543,30000101000000,20190306114602.721000,3542,,5bcb3060-a2fb-392a-bd96-2bdbea408cac,M,,U,6693.332284000874,878867.8542497103,108033076,19950728000000,20190306114458,,,,,,
12196,LURNEA,2170,2,20190311103836,30000101000000,20190311104208.156000,3614,,58eefb41-37d1-3135-88fb-5529fe570118,M,,U,7873.666881233677,3758675.383518733,108033148,19950728000000,20190311103502,,,,,,
12204,LINDFIELD,2070,2,20190312095432,30000101000000,20190312095527.339000,1215,,91d8262c-d352-3902-8bde-c92bf8a20b3b,M,,U,18428.315597671677,7527066.007394837,108030749,19950728000000,20190312095303,,,,,,
12209,ROSEVILLE,2069,2,20190312095432,30000101000000,20190312095527.456000,3528,,c1119d45-ab38-3326-81dc-de220d31db16,M,,U,13627.969096405466,5615492.562756938,108033062,19950728000000,20190312095303,,,,,,
12217,FAIRFIELD WEST,2165,2,20190313105632,30000101000000,20190313105753.687000,139,,2028e4ac-a4f9-3000-b2b6-0e44f9bb528a,M,,U,11870.60892338413,4677509.243262264,108029673,19950728000000,20190313105502,,,,,,
12244,VILLAWOOD,2163,2,20190314151924,30000101000000,20190314152052.940000,135,,1c911e14-995a-34e5-8dd4-4cad9e2e73c4,M,,U,10712.654291414152,5673450.227377345,108029669,19950728000000,20190314151730,,,,,,
12245,FAIRFIELD EAST,2165,2,20190314151924,30000101000000,20190314152052.992000,3608,,111e4105-5d70-309d-8843-55b068035fae,M,,U,7699.464266267179,2885410.99021202,108033142,19950728000000,20190314151730,,,,,,
12255,GREYSTANES,2145,2,20190318120627,30000101000000,20190318120729.325000,1313,,a9ccfd94-aa5c-3c11-a15d-88806ad6ba00,M,,U,21328.68984594238,12871642.576607859,108030847,19950728000000,20190318120428,,,,,,
12256,WETHERILL PARK,2164,2,20190318120627,30000101000000,20190318120729.435000,2469,,cc98692c-6e99-3a47-8c25-c9dcbbaab5e4,M,,U,19147.397803352003,16369435.496167392,108032003,19950728000000,20190318120428,,,,,,
12260,CARRAMAR,2163,2,20190318165041,30000101000000,20190318165204.864000,3607,,bc4b5744-7f80-3d08-9731-3ecad5defae1,M,,U,6603.310174363309,1507093.4701673533,108033141,19950728000000,20190318164931,,,,,,
12262,OLD GUILDFORD,2161,2,20190319082939,30000101000000,20190319083144.467000,148,,3a3a866a-5939-3060-aaa7-5110ed8f3379,M,,U,4992.533186859115,1416686.5396564482,108029682,19950728000000,20190319082740,,,,,,
12267,LIVERPOOL,2170,2,20190319130221,30000101000000,20190319130553.746000,2458,,6f6939da-89a9-3950-aefb-9c2d3c5e15e0,M,,U,16866.42226412427,9302714.617908766,108031992,19950728000000,20190319125851,,,,,,
12268,WARWICK FARM,2170,2,20190319130221,30000101000000,20190319130553.856000,2460,,9db8b102-314a-317a-9d26-5193d6043501,M,,U,15337.652170646468,6741064.187611709,108031994,19950728000000,20190319125851,,,,,,
12292,SMITHFIELD,2164,2,20190321154529,30000101000000,20190321154657.213000,1312,,7651d9bf-7d11-3ef4-9ead-d427e16cdff2,M,,U,17737.747938703964,12968990.906460043,108030846,19950728000000,20190321154350,,,,,,
12302,GREEN VALLEY,2168,2,20190325142730,30000101000000,20190325153625.975000,143,,7ff76150-c093-3591-9456-af5feb37c872,M,,U,10302.59296781743,4691174.823273236,108029677,19950728000000,20190325142557,,,,,,
12306,BONNYRIGG HEIGHTS,2177,2,20190325142730,30000101000000,20190325153626.126000,2450,,fe732f48-f1ad-36f7-9ecd-a9925e2ef21b,M,,U,7535.194020025138,3104121.194127754,108031984,19950728000000,20190325142557,,,,,,
12307,LANSVALE,2166,2,20190325124259,30000101000000,20190325152421.508000,2453,,7c57ef11-61d0-369e-bf81-f6ce3b245d8c,M,,U,14552.154684471376,4251554.835804418,108031987,19950728000000,20190325124123,,,,,,
12324,FAIRFIELD HEIGHTS,2165,2,20190327151344,30000101000000,20190327151451.497000,3624,,4b9c6242-d1e7-36dd-872b-6ee41b4b35a3,M,,U,6494.991972832992,2122730.031715403,108033158,19950728000000,20190327151202,,,,,,
12327,MOOREBANK,2170,2,20190328165629,30000101000000,20190328170640.723000,1302,,d1d0f809-ae56-3c4b-94b3-4a10c9342a1d,M,,U,25313.313775856055,17912464.337584514,108030836,19950728000000,20190328164403,,,,,,
12372,PETERSHAM,2049,2,20190404110546,30000101000000,20190404111108.947000,99,,179e1f41-9c86-3e20-b4f9-6ea662645f93,M,,U,7534.683041816752,1870645.3555336823,108029633,19950728000000,20190404110119,,,,,,
12375,BELMORE,2192,2,20190404110546,30000101000000,20190404111109.129000,3558,,9a727238-72a9-3491-a4aa-a8ad9302b7fc,M,,U,9914.457755509373,4038729.483138436,108033092,19950728000000,20190404110119,,,,,,
12380,CANLEY HEIGHTS,2166,2,20190405121126,30000101000000,20190405121306.526000,1294,,356e6e4e-f429-3a5d-a806-5c1b70fca4e1,M,,U,9570.63388544726,3818054.5050678817,108030828,19950728000000,20190405121007,,,,,,
12381,CANLEY VALE,2166,2,20190405121126,30000101000000,20190405121306.730000,2451,,d04e53dc-6ea7-39b2-b437-b07a628e918e,M,,U,12831.681785216073,4161690.3699969766,108031985,19950728000000,20190405121007,,,,,,
12383,CABRAMATTA,2166,2,20190405121126,30000101000000,20190405121306.822000,3606,,03be08f0-5ace-3252-b9c7-3679bb80daba,M,,U,18042.64704629074,7318779.277244218,108033140,19950728000000,20190405121007,,,,,,
12426,PEAKHURST,2210,2,20190415112453,30000101000000,20190415112518.391000,3562,,75b385ee-159b-383d-9a76-7ce9fe183059,M,,U,12799.967882872175,5484434.337030366,108033096,19950728000000,20190415112424,,,,,,
12432,BRONTE,2024,2,20190416091830,30000101000000,20190416091844.973000,121,,e937cd20-72cc-3de9-bd4f-5bb4c84aa03b,M,,U,6774.747363793663,1910556.0975940097,108029655,19950728000000,20190416091804,,,,,,
12433,CLOVELLY,2031,2,20190416091830,30000101000000,20190416091845.128000,1278,,748c8e1a-7323-3fa6-a768-7e8d7f973ef4,M,,U,6104.612394373734,1245241.7816789588,108030812,19950728000000,20190416091804,,,,,,
12473,CHIPPING NORTON,2170,2,20190423144628,30000101000000,20190423144704.817000,2456,,c88ebd9d-a919-34ab-b658-1f7ad3f56123,M,,U,18591.800997860777,10445947.547916098,108031990,19950728000000,20190423144533,,,,,,
12474,MILPERRA,2214,2,20190423144628,30000101000000,20190423144704.917000,3604,,b4b8b1f1-9e9d-3c02-95a4-285907ba089f,M,,U,14498.67315709411,8055404.408830839,108033138,19950728000000,20190423144533,,,,,,
12498,CAMPSIE,2194,2,20190430082455,30000101000000,20190430082512.557000,1246,,c958b24c-35a7-3e8f-8e39-534ef5402b0d,M,,U,12529.059586430601,4870560.68940048,108030780,19950728000000,20190430082432,,,,,,
12501,BONNYRIGG,2177,2,20190430120851,30000101000000,20190430121348.760000,1293,,08cc3ab5-5708-3d78-a761-cccea4608deb,M,,U,9140.496171849141,4363845.788279935,108030827,19950728000000,20190430120346,,,,,,
12535,ROOKWOOD,2141,2,20190506103151,30000101000000,20190506103221.234000,2362,,9af3e515-3c8c-35c3-b9e6-47d07c478bd7,M,,U,8924.915350478957,4344458.9120998,108031896,19950728000000,20190506103131,,,,,,
12556,CANTERBURY,2193,2,20190508150720,30000101000000,20190508150751.873000,2403,,61b4cddb-8294-3768-b878-473b3bdd55ce,M,,U,9692.178037556765,2844178.152962962,108031937,19950728000000,20190508150651,,,,,,
12647,BIRCHGROVE,2041,2,20190522141427,30000101000000,20190522141504.756000,62,,9c5964b4-f0f4-3971-b6d9-7064495c4ab5,M,,U,7317.55346561216,808956.6509551572,108029596,19950728000000,20190522141339,,,,,,
12752,WOLLI CREEK,2205,2,20190605144303,30000101000000,20190605150158.852000,3459,,e1a265fe-59f1-3160-9dcc-92a67fc636f4,M,,U,5383.1827918581075,968884.357280469,108032993,20020607105455,20190605142707,,,,,,
12774,CLEMTON PARK,2206,2,20190607150832,30000101000000,20190607151331.463000,1139,,0ec9ce75-6fe0-3270-9bbb-4748bf1d47ef,M,,U,3931.8760303697254,512080.3627525768,108030673,20000629111103,20190607150319,,,,,,
12827,CONNELLS POINT,2221,2,20190619121703,30000101000000,20190619121738.023000,2408,,351b550a-9c14-3cd3-9590-63fec387408f,M,,U,7546.249833454018,2140556.286006712,108031942,19950728000000,20190619121629,,,,,,
12915,MELROSE PARK,2114,2,20190705164254,30000101000000,20190705164316.340000,68,,bdcd624b-fbb6-3c42-804c-2ab9280766da,M,,U,7275.394620417603,1471206.0925090676,108029602,19950728000000,20190705164201,,,,,,
12918,SOUTH GRANVILLE,2142,2,20190708141312,30000101000000,20190708141320.160000,69,,5d7e2889-a541-35b1-b361-4403ed858c15,M,,U,11892.269582941251,3126282.185586928,108029603,19950728000000,20190708141239,,,,,,
12927,ST JOHNS PARK,2176,2,20190708154624,30000101000000,20190708154726.745000,1297,,eb6113d6-2d06-3795-acc5-0d3f54f60176,M,,U,7262.34895756186,2870327.108759459,108030831,19950728000000,20190708154440,,,,,,
12950,NORTH HARBOUR,,2,20190710123059,30000101000000,20190710123118.111000,1090,,5c3207bd-f9f1-3e23-a338-dfd49977cc9d,M,,R,18690.798964107133,6792314.621720979,108030624,19950728000000,20190710123000,,,,,,
12951,MANLY,2095,2,20190710123059,30000101000000,20190710123118.247000,3721,,ac439877-af9e-3fd5-b879-c126dcc0f0c4,M,,U,23401.164479715102,7974208.097938503,108033255,19950728000000,20190710123000,,,,,,
12986,CHULLORA,2190,2,20190716105551,30000101000000,20190716105631.305000,3551,,30c542e5-e8ef-3159-9e7c-107d84316e00,M,,U,8092.264303212645,2994643.4901215616,108033085,19950728000000,20190716105459,,,,,,
13017,CONCORD,2137,2,20190722152950,30000101000000,20190722153213.418000,1209,,7ea1d5db-9d2f-362f-8b1c-ce54fea52f4a,M,,U,13786.803907915339,7310301.090232646,108030743,19950728000000,20190722152715,,,,,,
13034,LIBERTY GROVE,2138,2,20190724155711,30000101000000,20190724155851.438000,1130,,f6048701-d7d8-3316-a1b9-013665e152c9,M,,U,2837.7044969636054,300124.1889992971,108030664,19980414102225,20190724155505,,,,,,
13052,NORTHWOOD,2066,2,20190726170944,30000101000000,20190726171020.684000,2374,,daed51c9-069c-330c-8a6b-2309d8ecc16f,M,,U,3552.1026623637827,524750.8087091006,108031908,19950728000000,20190726170849,,,,,,
13099,MAYS HILL,2145,2,20190807151253,30000101000000,20190807151510.222000,1314,,7bcdcb3c-f36a-35d5-bca1-013b6f17c3c3,M,,U,3411.1725291168686,433900.7420885347,108030848,19950728000000,20190807151020,,,,,,
13115,AUBURN,2144,2,20190812103828,30000101000000,20190812115306.254000,1204,,8846fa87-12da-3c0a-ae39-1fdfe44e684e,M,,U,19998.301476115386,12533467.426809845,108030738,19950728000000,20190812103705,,,,,,
13120,RIVERWOOD,2210,2,20190812174259,30000101000000,20190812175633.897000,3560,,5650f890-a422-37dd-960b-ec0ffcb6f089,M,,U,10920.893356195082,5591149.10680963,108033094,19950728000000,20190812172834,,,,,,
13196,BEXLEY NORTH,2207,2,20190823110251,30000101000000,20190823110258.644000,105,,c6246f22-04db-3bfb-a808-a0c770f331db,M,,U,6889.561933213661,1823775.0266524125,108029639,19950728000000,20190823110224,,,,,,
13219,CONCORD WEST,2138,2,20190827105247,30000101000000,20190827105733.572000,2366,,a442faad-9d90-3a25-9e4d-4c2c3960e803,M,,U,12572.846002872828,3858373.2135812994,108031900,19950728000000,20190827104738,,,,,,
13292,BARDWELL PARK,2207,2,20190904151446,30000101000000,20190904152255.306000,2418,,edb60a31-aecb-37ec-abf3-9509ea203f97,M,,U,5727.485946010801,1356351.3985354688,108031952,19950728000000,20190904150659,,,,,,
13294,ROSELANDS,2196,2,20190905100957,30000101000000,20190911114011.364000,91,,a57282b9-b001-3fc5-86f3-7f51063466d7,M,,U,9481.347173990713,3980181.6540126717,108029625,19950728000000,20190905095503,,,,,,
13295,NARWEE,2209,2,20190905100957,30000101000000,20190911114011.474000,2404,,65c80683-3e5f-32ab-9d98-91c095a78abe,M,,U,6953.092744560064,1805009.3839095696,108031938,19950728000000,20190905095503,,,,,,
13303,KINGSGROVE,2208,2,20190910171407,30000101000000,20190911222429.089000,90,,d0cf1f35-f181-36dc-95ff-447b16f4d50c,M,,U,13147.498348764122,6573215.638075003,108029624,19950728000000,20190910170740,,,,,,
13312,EARLWOOD,2206,2,20190910171407,30000101000000,20190911222429.221000,3559,,2220f6fc-5d22-3693-bae0-451e55fe828c,M,,U,16474.92793645502,8125315.5113906395,108033093,19950728000000,20190910170740,,,,,,
13319,STRATHFIELD,2135,2,20190912111921,30000101000000,20190912112225.442000,1208,,898fd72e-b1a3-3e55-a0a8-97a4ae4a0f18,M,,U,18590.696011965436,9552830.055935163,108030742,19950728000000,20190912111702,,,,,,
13341,BEVERLY HILLS,2209,2,20190917080325,30000101000000,20190917080341.516000,89,,9f170ee3-e825-32c4-b07a-5f84b9f89707,M,,U,15544.882225349533,4486005.860367261,108029623,19950728000000,20190917080255,,,,,,
13342,HURSTVILLE,2220,2,20190917080325,30000101000000,20190917080341.688000,3561,,fae218c8-463e-35b1-a5ec-b8583a017d78,M,,U,14319.712155387631,6012964.254426516,108033095,19950728000000,20190917080255,,,,,,
13343,NORTH RYDE,2113,2,20190917104235,30000101000000,20190917104352.425000,1228,,e82e3b81-2638-3fe2-99e8-cae70ff97445,M,,U,19941.52287351529,7747578.639965655,108030762,19950728000000,20190917104105,,,,,,
13344,MACQUARIE PARK,2113,2,20190917104235,30000101000000,20190917104352.545000,2384,,9636c4e3-7b67-3801-a288-01be53174ca2,M,,U,18399.023315050894,9800603.362791194,108031918,19950728000000,20190917104105,,,,,,
13399,HOMEBUSH WEST,2140,2,20190925164653,30000101000000,20190925164956.233000,3543,,389e649b-a2fc-38ba-8647-edcc863dc78f,M,,U,8625.452782250315,2354837.3785886876,108033077,19950728000000,20190925164343,,,,,,
13522,HOLSWORTHY,2173,2,20191015074607,30000101000000,20191015074627.320000,3580,,661c77db-dfff-3e8d-b82a-ada2f4337cf6,M,,R,132135.15756978904,277339278.4804885,108033114,19950728000000,20191015074538,,,,,,
13523,WATTLE GROVE,2173,2,20191015074607,30000101000000,20191015074627.520000,3616,,f2a0c3b7-73ff-3dec-9fe4-285c437880af,M,,U,10584.044661330809,3762411.978844095,108033150,19950728000000,20191015074538,,,,,,
13528,PYRMONT,2009,2,20191015170006,30000101000000,20191015170038,2388,,ce24bad1-7480-33d6-98e8-7061d8d25b66,M,,U,7445.284744711053,1293959.134977976,108031922,19950728000000,20191015165852,,,,,,
13577,GREENWICH,2065,2,20191023135931,30000101000000,20191023135940.441000,1216,,fd923620-4f55-38eb-b28b-9f953a690c8b,M,,U,10694.479391945953,2388713.5793000543,108030750,19950728000000,20191023135837,,,,,,
13626,WEST HOXTON,2171,2,20191030150325,30000101000000,20191030150601.430000,147,,90be1afb-82cf-3a31-b0f3-fcaa374d1b01,M,,U,15588.129611388204,9242256.930129306,108029681,19950728000000,20191030150118,,,,,,
13630,EDMONDSON PARK,2174,2,20191030150325,30000101000000,20191030150601.749000,3612,,ca1a32cb-76f1-3fb4-a3b2-59c8c6476107,M,,R,13238.987379188207,9043741.880673151,108033146,19950728000000,20191030150118,,,,,,
13703,RAMSGATE,2217,2,20191113141907,30000101000000,20191113141949.086000,96,,df43ff96-b62f-396d-b106-a4bf6abb7d3f,M,,U,4740.422425448237,618684.1130152392,108029630,19950728000000,20191113141806,,,,,,
13778,KIRRIBILLI,2061,2,20191120154201,30000101000000,20191120154219.152000,2378,,bdf5cbd3-1a42-3233-8228-c934ff3e5384,M,,U,4573.066142788628,635903.3235324551,108031912,19950728000000,20191120154101,,,,,,
13845,ALLAWAH,2218,2,20191128123609,30000101000000,20191128123638.950000,2407,,ade2d120-0607-36c2-8987-eabde4b14b09,M,,U,5101.319856383056,868928.2793967145,108031941,19950728000000,20191128123537,,,,,,
13849,WATSONS BAY,2030,2,20191128152907,30000101000000,20191128152940.648000,3723,,ae214774-72f9-3c9c-bb32-af0e38d15554,M,,R,6399.639409154189,904920.8130303747,108033257,19950728000000,20191128152809,,,,,,
13959,EVELEIGH,2015,2,20191213084319,30000101000000,20191213084341.036000,1265,,155ffee2-0185-30d9-809e-a0cc818c03e5,M,,U,5050.243279928593,795190.0774958071,108030799,19950728000000,20191213084225,,,,,,
13981,LAKEMBA,2195,2,20191217085549,30000101000000,20191217085621.376000,1247,,ed855946-2412-3a79-9f37-4078f4a83093,M,,U,9012.295987290338,3172234.6726225745,108030781,19950728000000,20191217085509,,,,,,
13982,WILEY PARK,2195,2,20191217085549,30000101000000,20191217085621.423000,1248,,3523fadc-8005-38e9-9ab3-c6c00b35d055,M,,U,6706.710040262965,1982701.0340700895,108030782,19950728000000,20191217085509,,,,,,
13994,HOLROYD,2142,2,20191219111231,30000101000000,20191219111308.692000,157,,f10dba42-cf31-30af-ba17-0b87cc825bfa,M,,U,3992.030918526934,727248.1016470395,108029691,19950728000000,20191219111151,,,,,,
14266,PADSTOW,2211,2,20200124085449,30000101000000,20200124085454.722000,83,,b60c9ad0-cffa-3e4e-811c-e3a4a3310cc1,M,,U,18172.357848894604,7958789.626189331,108029617,19950728000000,20200124085424,,,,,,
14346,RHODES,2138,2,20200204092530,30000101000000,20200204092557.708000,1210,,fcf2569a-09df-31e9-b6fe-e366a10fdd03,M,,U,5624.108974144919,1442895.2129626395,108030744,19950728000000,20200204092448,,,,,,
14421,BARDWELL VALLEY,2207,2,20200211083817,30000101000000,20200211083833.783000,3441,,325bbd74-4130-3218-8cd2-f01d1cfea0dd,M,,U,6252.551929049476,1058735.34206348,108032975,19971126161542,20200211083751,,,,,,
14448,SEFTON,2162,2,20200214104953,30000101000000,20200214105024.173000,3538,,91651f44-f4a2-321b-b1f7-4377b6e7d27a,M,,U,8260.236859268629,2653571.020914161,108033072,19950728000000,20200214104929,,,,,,
14604,PUNCHBOWL,2196,2,20200302114556,30000101000000,20200302114613.670000,1241,,592b6f15-bbc3-3d1d-b906-e54e404f3722,M,,U,16014.344054112444,6480345.361795973,108030775,19950728000000,20200302114524,,,,,,
14622,OATLANDS,2117,2,20200303090123,30000101000000,20200303090133.862000,2364,,caadcd49-658b-3048-8857-aaeeca1675f8,M,,U,9531.420825310604,3552023.2399880392,108031898,19950728000000,20200303090037,,,,,,
14680,CASTLE HILL,2154,2,20200310150806,30000101000000,20200310150820.604000,1194,,71ce6370-92ef-3939-9e32-bd434d3856e6,M,,U,29722.18697052728,27368140.856572416,108030728,19950728000000,20200310150717,,,,,,
14686,PADDINGTON,2021,2,20200311132334,30000101000000,20200311132426.456000,2422,,77f5dcdb-f11a-36d9-9325-f37f1cd62eb6,M,,U,6960.037546921092,2383337.865103075,108031956,19950728000000,20200311132149,,,,,,
14687,MOORE PARK,2021,2,20200311132334,30000101000000,20200311132426.500000,3572,,a4e4be16-652d-35bb-8c45-d357c6caa180,M,,U,7611.97834449915,2612150.1123066074,108033106,19950728000000,20200311132149,,,,,,
14760,BURWOOD,2134,2,20200319100804,30000101000000,20200319100830.782000,51,,9d1c83cd-f970-3c29-8eb4-5a5f976910da,M,,U,9130.230765473532,3569874.817478437,108029585,19950728000000,20200319100709,,,,,,
14761,CROYDON,2132,2,20200319100804,30000101000000,20200319100830.833000,3516,,6ecc9e1b-1615-3ba9-b86b-747b5ba5e22f,M,,U,10649.432049930085,3587832.5224127336,108033050,19950728000000,20200319100709,,,,,,
14796,NORTHBRIDGE,2063,2,20200323145839,30000101000000,20200323145852.226000,3547,,1123b90c-256b-33fa-92ca-494fd1d15e8b,M,,U,10745.978718890174,3948037.4329400454,108033081,19950728000000,20200323145711,,,,,,
14925,ANNANDALE,2038,2,20200407084431,30000101000000,20200407084451.072000,1218,,594478c6-6169-3e0a-9dee-66016fca3761,M,,U,7064.781004258672,2184787.792127692,108030752,19950728000000,20200407084350,,,,,,
15077,ELIZABETH BAY,2011,2,20200429134621,30000101000000,20200429134647.261000,2386,,fe15cf65-cb01-3af8-8691-ef3ac07c3793,M,,U,3120.6405669519163,362220.8248705058,108031920,19950728000000,20200429134530,,,,,,
15146,PARRAMATTA,2150,2,20200507160345,30000101000000,20200507160406.940000,3520,,b1c6c6ef-730f-3a97-af0c-f3483e32e26c,M,,U,18366.4371054169,7961684.299024004,108033054,19950728000000,20200507160242,,,,,,
15147,HARRIS PARK,2150,2,20200507160345,30000101000000,20200507160406.982000,3537,,8d376613-3ec7-3f8a-9b90-177275453a12,M,,U,4875.971599716478,945697.817210816,108033071,19950728000000,20200507160242,,,,,,
15173,EDENSOR PARK,2176,2,20200513102134,30000101000000,20200513102156.525000,1295,,5724a21b-98d5-35d2-8ae3-32d45df2a5be,M,,U,9601.775835500217,4534738.6263479935,108030829,19950728000000,20200513101951,,,,,,
15174,GREENFIELD PARK,2176,2,20200513102134,30000101000000,20200513102156.577000,1296,,b445077e-19cf-3be6-9f32-a371c355b7fc,M,,U,6477.161565335865,2176410.2700926606,108030830,19950728000000,20200513101951,,,,,,
15176,ERMINGTON,2115,2,20200513090949,30000101000000,20200513091006.904000,2381,,03487f60-7984-3f86-993b-8b69f7a5fa96,M,,U,11519.006325537106,5549914.165046666,108031915,19950728000000,20200513090826,,,,,,
15464,GLADESVILLE,2111,2,20200625111949,30000101000000,20200625112017.485000,2370,,235abff3-0c65-38b2-84bf-11c509fdf6a7,M,,U,14267.309690372487,5079854.913031174,108031904,19950728000000,20200625111904,,,,,,
15646,EASTERN CREEK,2766,2,20200722124858,30000101000000,20200722124937.920000,3619,,d40c32b0-f27d-3fae-a131-dbf94aeb9a6e,M,,R,32871.10835273574,27631523.98815176,108033153,19950728000000,20200722124747,,,,,,
15647,HUNTINGWOOD,2148,2,20200722124858,30000101000000,20200722124937.982000,3620,,94d3a8fb-d2bc-3e31-906b-0a906327e8b3,M,,R,7903.4190341225485,2604159.190805362,108033154,19950728000000,20200722124747,,,,,,
15658,LANE COVE NORTH,2066,2,20200723151321,30000101000000,20200723151351.879000,3423,,3970cf9b-1978-3792-a9c0-38163c6b9489,M,,U,10962.196411644818,3337134.297263999,108032957,19960816133909,20200723151233,,,,,,
15679,VAUCLUSE,2030,2,20200727131227,30000101000000,20200727131308.837000,2567,,c82a1fe1-87b6-3d08-a916-66540e274f28,M,,U,13897.190535025433,4465827.625295017,108032101,19950728000000,20200727131025,,,,,,
15680,NORTH PARRAMATTA,2151,2,20200727145812,30000101000000,20200727145842.243000,3519,,a320a78a-2f84-332c-bd67-69370fdf3741,M,,U,16660.60756964974,7597047.683754663,108033053,19950728000000,20200727145657,,,,,,
15689,SYDNEY,2000,2,20200727154315,30000101000000,20200727154401.429000,3544,,2f44d7bc-97fb-3b13-8398-013ce3082589,M,,U,13019.871294291668,4417303.052583083,108033078,19950728000000,20200727154108,,,,,,
15691,BLAKEHURST,2221,2,20200728095204,30000101000000,20200728095227.851000,94,,3208c66b-2e95-32a1-a362-91ab5b8990bc,M,,U,13439.843995042123,4844035.08870931,108029628,19950728000000,20200728095059,,,,,,
15692,SOUTH HURSTVILLE,2221,2,20200728095204,30000101000000,20200728095227.913000,95,,b215d674-b49a-3d40-8b23-4a033da87731,M,,U,7603.763182001391,1582564.5775931887,108029629,19950728000000,20200728095059,,,,,,
15756,BELLA VISTA,2153,2,20200807080007,30000101000000,20200807080033.343000,1305,,e9436143-7d8c-3ce1-abb3-de53b1f4484f,M,,U,15644.738213269778,6789394.639852615,108030839,19950728000000,20200807075912,,,,,,
15985,LIDCOMBE,2141,2,20200909154455,30000101000000,20200909154541.796000,48,,401ea419-4687-306a-8b75-82d8b1463032,M,,U,22838.44410969815,9840613.877077408,108029582,19950728000000,20200909154316,,,,,,
15986,SYDNEY OLYMPIC PARK,2127,2,20200909154455,30000101000000,20200909154541.840000,3517,,8390dfcd-e2b6-308d-bafc-5b4e9a1dca05,M,,U,20801.32437532969,9722368.471622784,108033051,19950728000000,20200909154316,,,,,,
16039,HORNINGSEA PARK,2171,2,20200923091835,30000101000000,20200923091905.586000,1120,,87e3a24c-ce0b-3a3a-a704-9c80f52221ac,M,,U,7480.188396089884,2112839.4870769163,108030654,19961220102543,20200923091713,,,,,,
16167,CAMMERAY,2062,2,20201007075957,30000101000000,20201007080037.661000,64,,6aa16921-a41c-30cd-9a41-c6fbf627e5b4,M,,U,8544.53612543963,2258316.8648213684,108029598,19950728000000,20201007075846,,,,,,
16177,POINT PIPER,2027,2,20201007112007,30000101000000,20201007112036.210000,1236,,d4080e7f-6c9a-3afe-b13d-3784cbe4daea,M,,U,4687.752438206944,511864.9329173376,108030770,19950728000000,20201007111932,,,,,,
16198,CECIL PARK,2178,2,20201009145522,30000101000000,20201009145706.953000,138,,6a05eafa-e10e-3d77-9016-77cb2bceb944,M,,R,34943.29320513034,20997386.06832716,108029672,19950728000000,20201009145311,,,,,,
16205,MCMAHONS POINT,2060,2,20201012135119,30000101000000,20201012135134.085000,65,,c1da7b59-8c70-392b-b3ed-f17f93eca019,M,,U,4478.987447160535,513219.56365095184,108029599,19950728000000,20201012135044,,,,,,
16245,ARNCLIFFE,2205,2,20201016075024,30000101000000,20201016075344.165000,104,,a5cd4e0c-2702-3666-966a-a6a79f2c3c21,M,,U,13048.2910504081,4331085.848785058,108029638,19950728000000,20201016074956,,,,,,
16246,HOXTON PARK,2171,2,20201015173129,30000101000000,20201016075313.758000,144,,b9566392-df5e-3a7b-82e4-259949b01acb,M,,U,8622.509952797807,2247412.742688764,108029678,19950728000000,20201015173039,,,,,,
16255,NEWTOWN,2042,2,20201015094901,30000101000000,20201016074004.850000,3568,,db85b2be-0b76-35a2-a196-bd67ca4a2c9d,M,,U,9900.31434988561,2308173.452269433,108033102,19950728000000,20201015094833,,,,,,
16256,TURRELLA,2205,2,20201016075024,30000101000000,20201016075344.231000,3576,,90c2f862-5f7f-3c2a-a239-7e09a8581c7b,M,,U,5462.214845632334,885542.0607845649,108033110,19950728000000,20201016074956,,,,,,
16257,PRESTONS,2170,2,20201015173129,30000101000000,20201016075313.811000,3615,,2ac33d7a-fb1b-36de-9137-5ef00ccf57bd,M,,U,19039.423451159728,13445280.779709226,108033149,19950728000000,20201015173039,,,,,,
16346,HUNTERS HILL,2110,2,20201028123028,30000101000000,20201028123038.292000,57,,5a1e7bb2-6da2-33a4-97ad-586f3beb0d71,M,,U,17390.267700909746,5196274.717162836,108029591,19950728000000,20201028122957,,,,,,
16353,MOSMAN,2088,2,20201028141044,30000101000000,20201028141113.022000,3533,,0e3a5ecf-9f1d-36d9-97f0-999cbbaaa01b,M,,U,28285.614108983063,12358978.661364447,108033067,19950728000000,20201028140955,,,,,,
16379,MARSFIELD,2122,2,20201103074529,30000101000000,20201103151845.579000,3540,,b9609add-8717-366e-9601-e65b6b3c4205,M,,U,15692.968183749317,5617128.53993858,108033074,19950728000000,20201103074501,,,,,,
16380,RYDE,2112,2,20201103074529,30000101000000,20201103151845.617000,3541,,6e52e556-b808-3a9d-8f09-adea959f6399,M,,U,20952.49859664646,10294022.737581203,108033075,19950728000000,20201103074501,,,,,,
16383,CONDELL PARK,2200,2,20201105093307,30000101000000,20201105093317.399000,82,,bf9a118e-69c0-38f3-8cd3-65ab394fbba7,M,,U,11522.151449633748,5592350.968010453,108029616,19950728000000,20201105093239,,,,,,
16406,QUAKERS HILL,2763,2,20201106153813,30000101000000,20201106153821.930000,1322,,73597f2a-a27f-3c24-a3fd-5c588d0a2925,M,,U,20808.298806837953,13386620.660074128,108030856,19950728000000,20201106153748,,,,,,
16424,DOUBLE BAY,2028,2,20201110093843,30000101000000,20201110093858.256000,79,,aaf83a7d-51da-3cbb-b767-1a8c0d6382c6,M,,U,9301.221542183503,1140853.512999362,108029613,19950728000000,20201110093803,,,,,,
16429,DARLING POINT,2027,2,20201110093843,30000101000000,20201110093858.320000,3548,,d8817faa-5783-3f8d-b7d0-9f1a65e8439a,M,,U,6273.013929878319,968674.1703829762,108033082,19950728000000,20201110093803,,,,,,
16453,TENNYSON POINT,2111,2,20201112150955,30000101000000,20201112151009.062000,72,,e012d75c-3abd-390a-b813-b331ab521510,M,,U,4315.782094071836,636462.5593010457,108029606,19950728000000,20201112150851,,,,,,
16543,CREMORNE,2090,2,20201127073601,30000101000000,20201127073922.410000,2377,,93787617-6789-3f54-9156-9ba4e92a3789,M,,U,9045.506702964478,2373063.45180164,108031911,19950728000000,20201127073517,,,,,,
16544,NEUTRAL BAY,2089,2,20201127073601,30000101000000,20201127073922.476000,2379,,8575b578-2113-39a0-8037-00352b61221b,M,,U,6887.7786811219985,1858819.7515503054,108031913,19950728000000,20201127073517,,,,,,
16545,KURRABA POINT,2089,2,20201127142554,30000101000000,20201127142600.072000,5950,,d7d320dc-fbcd-3609-bebe-ec1581ef3ed5,M,,U,3405.1215444559944,350949.98735157406,164196276,20100607201709,20201127142520,,,,,,
16551,CHISWICK,2046,2,20201127154703,30000101000000,20201127154732.134000,3523,,6d927054-dec1-3258-be8e-1cb76fae3b19,M,,U,4388.697209683939,721317.0997653634,108033057,19950728000000,20201127154632,,,,,,
16626,STANMORE,2048,2,20201209145931,30000101000000,20201209150444.079000,2413,,441a6f05-0146-3465-ba57-60860aaf148c,M,,U,7326.679754181475,1784294.2113660085,108031947,19950728000000,20201209145853,,,,,,
16627,CAMPERDOWN,2050,2,20201209145931,30000101000000,20201209150444.120000,3566,,e8a1031f-4571-3774-b1f3-f85a033186f4,M,,U,8466.067292136137,2160757.1169552193,108033100,19950728000000,20201209145853,,,,,,
16634,OXFORD FALLS,2100,2,20201210133401,30000101000000,20201210133722.399000,1203,,e82da27c-f15b-3044-8747-c6ed73fd99d5,M,,R,18303.60913241328,9671919.090134408,108030737,19950728000000,20201210133124,,,,,,
16674,WESTMEAD,2145,2,20201216125832,30000101000000,20201216125857.032000,2472,,b94552c7-6389-316b-8d5a-8192c58cda24,M,,U,11905.429215734126,4246294.138724307,108032006,19950728000000,20201216125808,,,,,,
16694,ALEXANDRIA,2015,2,20201218163846,30000101000000,20201218164048.627000,2411,,7956d165-2c45-37c6-9ea9-fde351b83505,M,,U,12277.419067704592,5129069.625199589,108031945,19950728000000,20201218163508,,,,,,
16695,WATERLOO,2017,2,20201218163846,30000101000000,20201218164048.670000,2423,,5f5af8a0-4561-37b6-bd6a-bb7a70ed1ad9,M,,U,5785.04075645022,1667138.611395305,108031957,19950728000000,20201218163508,,,,,,
16810,BALMAIN,2041,2,20210118123729,30000101000000,20210118123759.617000,2375,,6c6f734c-f7bc-371d-a6b6-53c344d9b512,M,,U,9989.409882503249,2252189.023873634,108031909,19950728000000,20210118123647,,,,,,
16837,COLLAROY,2097,2,20210120123110,30000101000000,20210120123140.690000,3719,,9fa8a7c8-7139-3edd-92be-60d8e39063e2,M,,U,12355.307101604798,3965079.6277280403,108033253,19950728000000,20210120122948,,,,,,
16966,ALLAMBIE HEIGHTS,2100,2,20210209121601,30000101000000,20210209122011.878000,1232,,8fdc47d3-b1f7-33e8-862f-d51473bbb80f,M,,R,17064.867668726663,9485903.142169544,108030766,19950728000000,20210209121430,,,,,,
16985,FRENCHS FOREST,2086,2,20210210194937,30000101000000,20210210195022.467000,46,,947c1f12-e96b-3387-b495-0b2db69e2c7d,M,,U,27389.595961715448,12176114.035979128,108029580,19950728000000,20210210194803,,,,,,
17092,ENMORE,2042,2,20210225110546,30000101000000,20210225110606.681000,98,,2e269d95-267a-31ae-9773-a5032bb95709,M,,U,6258.103215002507,621916.0367860887,108029632,19950728000000,20210225110442,,,,,,
17093,MARRICKVILLE,2204,2,20210225110546,30000101000000,20210225110606.732000,2412,,d646e7ed-c682-3c1c-84d0-d89878f1d826,M,,U,15835.412226908722,8375599.4858843945,108031946,19950728000000,20210225110442,,,,,,
17134,BEACON HILL,2100,2,20210304134843,30000101000000,20210304134858.929000,45,,4a7465cc-ea6e-3950-ac5d-365a00442af3,M,,U,11808.044941273352,4027028.1585107995,108029579,19950728000000,20210304134745,,,,,,
17162,BEECROFT,2119,2,20210309085513,30000101000000,20210309085531.683000,39,,32cf8867-fa40-3ddf-a582-bc2e5554e953,M,,U,17126.909117347506,6987500.600431565,108029573,19950728000000,20210309085341,,,,,,
17163,WEST PENNANT HILLS,2125,2,20210309085513,30000101000000,20210309085531.749000,2352,,31bfbb21-a1a3-35b3-aa9e-33719286168a,M,,U,20184.950508501748,13642551.169544792,108031886,19950728000000,20210309085341,,,,,,
17178,BROOKVALE,2100,2,20210311072919,30000101000000,20210311081233.789000,1409,,b7ae0e3d-3ad1-3a5c-a2ea-fb6c76715a9e,M,,U,10999.901081659858,3174390.622386719,108030943,19950728000000,20210311072628,,,,,,
17179,NARRAWEENA,2099,2,20210311072919,30000101000000,20210311081233.842000,3720,,037b836d-c993-3b8b-bfb8-ffea5043fe22,M,,U,8337.633240280116,2542988.4522990566,108033254,19950728000000,20210311072628,,,,,,
17181,LANE COVE,2066,2,20210311161646,30000101000000,20210311161657.912000,2373,,127ce2ed-b8b9-34d6-aa3a-2fff69050596,M,,U,10531.150204953768,3749966.9447812126,108031907,19950728000000,20210311161558,,,,,,
17212,ROSE BAY,2029,2,20210317153348,30000101000000,20210317153412.075000,1279,,fb66d240-4ec8-3ede-b39b-ccf999d2a1c1,M,,U,13566.07534212893,3645864.960984403,108030813,19950728000000,20210317153225,,,,,,
17214,NORTH CURL CURL,2099,2,20210317154836,30000101000000,20210317154902.864000,253,,36df9f58-1256-30bf-994c-d53f47a8e54f,M,,U,9313.491567146375,2120306.248666365,108029787,19950728000000,20210317154727,,,,,,
17215,DEE WHY,2099,2,20210317154836,30000101000000,20210317154902.914000,1407,,4c7b493e-aaa1-3930-995b-66ac91965efb,M,,U,13770.729201315178,4929826.34745699,108030941,19950728000000,20210317154727,,,,,,
17247,LILYFIELD,2040,2,20210322092449,30000101000000,20210322092526.987000,2376,,21ae6f8e-3314-3c32-b503-600315547c8a,M,,U,10349.17925334849,3199306.5289896284,108031910,19950728000000,20210322092345,,,,,,
17248,ROZELLE,2039,2,20210322092449,30000101000000,20210322092527.044000,3532,,6b0de6b6-92fb-3ced-8e2b-858aafa58bad,M,,U,10723.213234746838,2571585.457240237,108033066,19950728000000,20210322092345,,,,,,
17266,DRUMMOYNE,2047,2,20210324095142,30000101000000,20210324095216.894000,54,,ab307ddc-c001-3958-850d-5fbe8a82c286,M,,U,11704.205216526387,3272090.843825867,108029588,19950728000000,20210324094948,,,,,,
17279,CROWS NEST,2065,2,20210326101425,30000101000000,20210326101447.451000,1221,,0e52a145-cb97-347d-b55d-44ad7f824292,M,,U,5344.094066809929,1114203.072942191,108030755,19950728000000,20210326101317,,,,,,
17280,NORTH SYDNEY,2060,2,20210326101425,30000101000000,20210326101447.513000,3535,,aff3de58-f255-313d-80f3-27069ef8278a,M,,U,10369.196166108495,2134084.324450458,108033069,19950728000000,20210326101317,,,,,,
17285,KOGARAH,2217,2,20210329111800,30000101000000,20210329111832.677000,1252,,b6c7fb02-38c9-3dd7-a58e-5bd142fd2899,M,,U,11987.339180886045,3865344.036894331,108030786,19950728000000,20210329111659,,,,,,
17288,BEXLEY,2207,2,20210329111800,30000101000000,20210329111832.744000,3574,,744f3973-0154-38a9-95fb-e7fc2885da47,M,,U,15417.935008708253,6297878.471603016,108033108,19950728000000,20210329111659,,,,,,
17309,REVESBY,2212,2,20210331100810,30000101000000,20210331100838.866000,2398,,98c348c2-226d-39ad-85d9-b8cd854810c8,M,,U,21760.09964464959,8175543.202654679,108031932,19950728000000,20210331100704,,,,,,
17311,BANKSTOWN,2200,2,20210331100810,30000101000000,20210331100838.920000,3550,,ba7ab8fd-6b00-3a8c-9a0e-9682d564ead2,M,,U,22697.069931863978,9415579.479005054,108033084,19950728000000,20210331100704,,,,,,
17337,BLACKTOWN,2148,2,20210406170518,30000101000000,20210406170555.029000,149,,1c76fc6c-b28e-34e5-ae48-8b8accffe34c,M,,U,30743.433349016173,23063278.721256178,108029683,19950728000000,20210406170325,,,,,,
17338,SEVEN HILLS,2147,2,20210406170518,30000101000000,20210406170555.092000,2467,,a5f5f367-d5e7-3846-8b7c-cc658d9e8977,M,,U,23291.8830991659,14038065.63764863,108032001,19950728000000,20210406170325,,,,,,
17373,SEAFORTH,2092,2,20210409120424,30000101000000,20210409120459.789000,1220,,f5d6f915-aae5-3322-8726-c10e9b1188a7,M,,U,11666.903087723089,4426519.13266384,108030754,19950728000000,20210409120238,,,,,,
17374,MIDDLE HARBOUR,,2,20210409120424,30000101000000,20210409120459.988000,2372,,191d42a8-dd8b-3405-9305-bb6fea87e665,M,,U,66849.50696856128,10901015.102247322,108031906,19950728000000,20210409120238,,,,,,
17441,NORTH MANLY,2100,2,20210421175444,30000101000000,20210421175644.950000,1410,,a9f14d41-1fb6-3c6b-bb38-3743ae28df84,M,,U,9763.798484435627,1761849.6950523313,108030944,19950728000000,20210421175309,,,,,,
17465,NORTH BALGOWLAH,2093,2,20210423094019,30000101000000,20210423094038.925000,76,,4b6839c7-33c9-3f83-8439-7cdff429c030,M,,U,6241.361132009781,1634960.0920766287,108029610,19950728000000,20210423093911,,,,,,
17466,MANLY VALE,2093,2,20210423094019,30000101000000,20210423094038.988000,252,,00b0a728-89b8-373a-baac-de1bbddce46e,M,,U,7359.695773086197,2409347.7209403515,108029786,19950728000000,20210423093911,,,,,,
17467,BARANGAROO,2000,2,20210426081933,30000101000000,20210426082005.748000,5905,,603b24fb-81c5-38c0-9575-7bb64cfb8378,M,,R,3572.848704322116,329388.4138823961,159109670,20071005154107,20210426081756,,,,,,
17558,GRANVILLE,2142,2,20210503120325,30000101000000,20210503120352.838000,1212,,4fa12b52-a006-3e2b-aa70-fa76443202d0,M,,U,15829.64301032821,4779469.604280705,108030746,19950728000000,20210503120213,,,,,,
17561,MERRYLANDS,2160,2,20210503120325,30000101000000,20210503120352.921000,2471,,9ccc7fc4-811b-3e54-9f97-56df4229eb11,M,,U,20935.83177034126,9755350.053314967,108032005,19950728000000,20210503120213,,,,,,
17571,FRESHWATER,2096,2,20210504115407,30000101000000,20210504115426.283000,3722,,3a1583d3-857b-3418-ae96-8440a684c1c1,M,,U,9876.031974801112,2668345.9201474604,108033256,19950728000000,20210504115317,,,,,,
17573,QUEENSCLIFF,2096,2,20210504115407,30000101000000,20210504115426.326000,4615,,ba063d0c-6636-344f-8a83-ad2a48fc050c,M,,U,4242.412890584576,640426.0002296222,108034149,20020722133208,20210504115317,,,,,,
17594,WENTWORTHVILLE,2145,2,20210506105128,30000101000000,20210506105139.725000,1315,,de827c31-c614-3a9b-9d08-c2b4bba5b680,M,,U,13003.688517571924,4497738.696375378,108030849,19950728000000,20210506105040,,,,,,
17596,CONSTITUTION HILL,2145,2,20210506105128,30000101000000,20210506105139.769000,4688,,7c513a36-a74d-3475-b4c9-66b65977e7c9,M,,U,6976.0048495627325,1789941.6382181463,153803198,20060726065518,20210506105040,,,,,,
17697,EPPING,2121,2,20210517165125,30000101000000,20210517165338.782000,56,,4dc808bf-6f8d-3cbe-b656-b4933cb3c5f9,M,,U,18388.123358172314,10024148.614364527,108029590,19950728000000,20210517165041,,,,,,
17724,BASS HILL,2197,2,20210524074513,30000101000000,20210524074531.451000,1238,,3a2cad59-1977-3bb9-90ca-2ea2c5ff0d09,M,,U,13979.594967137924,4315515.719506699,108030772,19950728000000,20210524074439,,,,,,
17725,GEORGES HALL,2198,2,20210524074513,30000101000000,20210524074531.511000,2396,,a3d0cddb-ed2b-3316-9283-10a9a654da41,M,,U,12767.221588096325,4788831.834178111,108031930,19950728000000,20210524074439,,,,,,
17733,HORSLEY PARK,2175,2,20210524155947,30000101000000,20210524160000.868000,155,,166e317b-1fe9-3acd-ac62-ed4969e8b10b,M,,R,26498.655407110175,31940272.035359595,108029689,19950728000000,20210524155907,,,,,,
17749,REVESBY HEIGHTS,2212,2,20210526135158,30000101000000,20210526135203.147000,3554,,6625e1de-cb42-353d-b0b7-1c994b0a250c,M,,U,6334.829500228039,1480393.167018509,108033088,19950728000000,20210526135116,,,,,,
17782,LEWISHAM,2049,2,20210601184401,30000101000000,20210601184430.458000,1255,,62e3c721-ce88-3c62-bd3e-1b338ed9bebd,M,,U,4790.79063146023,920724.9441544802,108030789,19950728000000,20210601184319,,,,,,
17783,SUMMER HILL,2130,2,20210601184401,30000101000000,20210601184430.511000,2394,,730f0d62-ca67-3e1b-9ec4-018a149af0de,M,,U,6551.570196380528,1764688.1673138465,108031928,19950728000000,20210601184319,,,,,,
17784,POTTS HILL,2143,2,20210602123937,30000101000000,20210602124014.945000,84,,9ed01583-4f61-324f-b093-dded1ee39751,M,,U,5767.0803125851335,1610369.6667933504,108029618,19950728000000,20210602123906,,,,,,
17785,BIRRONG,2143,2,20210602123937,30000101000000,20210602124014.999000,2395,,63cef926-39e3-387a-ae57-20f0fe9d59fa,M,,U,6196.956822909777,1720286.9631693414,108031929,19950728000000,20210602123906,,,,,,
17788,DUNDAS VALLEY,2117,2,20210602153616,30000101000000,20210602153640.935000,1224,,784b4699-e90a-3815-8bf7-1d97710440b3,M,,U,10197.53426710087,2556061.775536063,108030758,19950728000000,20210602153549,,,,,,
17789,TELOPEA,2117,2,20210602153616,30000101000000,20210602153640.998000,4690,,591ebea8-08f5-3f71-a2ed-659e79f233bd,M,,U,10226.665451305515,2240281.2302502817,154042036,20060809093518,20210602153549,,,,,,
17806,ERSKINEVILLE,2043,2,20210604120843,30000101000000,20210604120908.309000,108,,ae24ea9e-83fc-35b4-a16a-39a172221da1,M,,U,5401.542716435476,1189055.421124246,108029642,19950728000000,20210604120807,,,,,,
17807,ST PETERS,2044,2,20210604120843,30000101000000,20210604120908.345000,1256,,274e278b-d844-3fb3-a2c5-28f79b8cdb44,M,,U,7750.017515380804,2576040.508901394,108030790,19950728000000,20210604120807,,,,,,
17822,PANANIA,2213,2,20210607155324,30000101000000,20210607155338.122000,2397,,a7c13f8b-ed66-38ea-a30f-f291eaed9778,M,,U,15692.833348365148,6827602.795986937,108031931,19950728000000,20210607155254,,,,,,
17823,PICNIC POINT,2213,2,20210607155324,30000101000000,20210607155338.157000,3553,,08a233ab-efa4-3d55-a128-9a7e452e56d1,M,,R,13531.242028968401,5522663.430766276,108033087,19950728000000,20210607155254,,,,,,
17835,PYMBLE,2073,2,20210608153421,30000101000000,20210608153453.415000,43,,c8437737-8f67-39f4-bbfe-830ecaee8bc1,M,,U,18876.10627982582,9458641.332004718,108029577,19950728000000,20210608153336,,,,,,
17836,KILLARA,2071,2,20210608194038,30000101000000,20210608194050.834000,58,,741fee86-aabc-39d9-9592-3146fd5f3628,M,,U,18118.64031897562,6729635.738812389,108029592,19950728000000,20210608194024,,,,,,
17837,WEST PYMBLE,2073,2,20210608194038,30000101000000,20210608194050.871000,2358,,c83625d4-4673-3435-b990-e9a3617811f9,M,,U,12212.78632072659,5359977.776139849,108031892,19950728000000,20210608194024,,,,,,
17848,ABBOTSBURY,2176,2,20210609154728,30000101000000,20210609154748.950000,136,,44d43aac-5ea7-3bf9-9fb2-f48c358fa22a,M,,U,15168.644679118583,7213394.94029798,108029670,19950728000000,20210609154635,,,,,,
17849,CECIL HILLS,2171,2,20210609154728,30000101000000,20210609154748.985000,1299,,691d2a3b-be07-32ec-9af5-8cc6abe33ac3,M,,U,14562.945965620796,8936037.914608985,108030833,19950728000000,20210609154635,,,,,,
17850,NORTH ROCKS,2151,2,20210609191730,30000101000000,20210609191756.153000,50,,35df569e-6d9e-31d6-9e86-8efdc738343b,M,,U,18788.208982989225,7921287.069050741,108029584,19950728000000,20210609191707,,,,,,
17855,BAULKHAM HILLS,2153,2,20210609191730,30000101000000,20210609191756.218000,1206,,9b1b079a-45b9-3422-bb46-e431eec8da5a,M,,U,21529.061548863905,19901858.87636423,108030740,19950728000000,20210609191707,,,,,,
17856,CARLINGFORD,2118,2,20210609191730,30000101000000,20210609191756.270000,2363,,2309c720-5cc8-36c9-9904-ab50f74cf056,M,,U,28987.829779325788,12374863.695716798,108031897,19950728000000,20210609191707,,,,,,
17857,FAIRFIELD,2165,2,20210609222031,30000101000000,20210609222043.752000,2452,,be5a1710-c09e-3c66-b125-c83c4864b6f1,M,,U,16074.75067008551,6473941.349269417,108031986,19950728000000,20210609222005,,,,,,
17859,YENNORA,2161,2,20210609222031,30000101000000,20210609222043.812000,3625,,48c7f693-272e-31e3-a4b8-023bf6746849,M,,U,10971.911067885669,3945304.561951747,108033159,19950728000000,20210609222005,,,,,,
17866,DUNDAS,2117,2,20210610125421,30000101000000,20210610125435.573000,67,,02162b86-2e62-3330-9d62-57e5a0dc2579,M,,U,10719.963240113171,2078706.0495193866,108029601,19950728000000,20210610125336,,,,,,
17869,RYDALMERE,2116,2,20210610125421,30000101000000,20210610125435.619000,2382,,fc6bda13-fa6f-395d-9c00-eb575250f29f,M,,U,11322.223734583662,5187015.515171324,108031916,19950728000000,20210610125336,,,,,,
17877,YAGOONA,2199,2,20210611144802,30000101000000,20210611144819.072000,85,,ba5288a1-8f4d-35aa-8616-d5c5815295dc,M,,U,17507.55172754485,6715095.362151695,108029619,19950728000000,20210611144738,,,,,,
17899,STRATHFIELD SOUTH,2136,2,20210615193634,30000101000000,20210615193652.417000,110,,21559bd6-8616-36a2-8e38-d74102f4b314,M,,U,11081.924865716464,3722639.800876877,108029644,19950728000000,20210615193558,,,,,,
17901,GREENACRE,2190,2,20210615193634,30000101000000,20210615193652.456000,1239,,7ba45bf6-db36-3aa6-a42a-80c649f2afd3,M,,U,17848.58416118629,10633491.986757213,108030773,19950728000000,20210615193558,,,,,,
17902,ROOTY HILL,2766,2,20210615203632,30000101000000,20210615203651.581000,1310,,1b60b66c-25d4-3de3-8bee-63d8f316cfbf,M,,U,14495.536545908219,10013704.565566275,108030844,19950728000000,20210615203610,,,,,,
17905,CHELTENHAM,2119,2,20210615203857,30000101000000,20210615203924.275000,2369,,9e1d8c6d-dc27-3172-84a7-5399cc8a5225,M,,U,9770.135835565321,2511411.34497389,108031903,19950728000000,20210615203831,,,,,,
17908,PENNANT HILLS,2120,2,20210615203857,30000101000000,20210615203924.351000,3510,,26b088e2-9f93-33ed-b936-f5755dfe90fb,M,,U,21904.03237967655,8964609.36946572,108033044,19950728000000,20210615203831,,,,,,
17909,PLUMPTON,2761,2,20210615203632,30000101000000,20210615203651.627000,3622,,6a09fe21-c893-3f2e-a478-23baf2e3e17d,M,,U,8450.201641583775,4373292.571682473,108033156,19950728000000,20210615203610,,,,,,
17930,DENHAM COURT,2565,2,20210616163009,30000101000000,20210616163024.202000,1283,,3591c3c1-0caa-3f53-8dd9-09bbf11ad542,M,,R,24176.707092577755,19474451.555519983,108030817,19950728000000,20210616162928,,,,,,
17931,CHESTER HILL,2162,2,20210616225820,30000101000000,20210617073931.294000,49,,74cd15ce-537e-3dc2-b1bb-10838a132286,M,,U,17172.51911637532,5901460.532759211,108029583,19950728000000,20210616225801,,,,,,
17934,GUILDFORD,2161,2,20210616225820,30000101000000,20210617073931.338000,2470,,826d99aa-25fb-3632-80ae-457bb2ea6169,M,,U,17836.528276647758,8611278.961190168,108032004,19950728000000,20210616225801,,,,,,
17941,NORTH STRATHFIELD,2137,2,20210617120437,30000101000000,20210617120515.466000,53,,5f6edbd2-ee89-342a-8fb7-49e66a458ecf,M,,U,6738.315892300436,1399149.3471530844,108029587,19950728000000,20210617120358,,,,,,
17945,HOMEBUSH,2140,2,20210617120437,30000101000000,20210617120515.505000,2387,,415c12f4-2f6b-3178-b3cf-ba39c88b4870,M,,U,11877.013894533377,3117103.24413803,108031921,19950728000000,20210617120358,,,,,,
